profileId,entity_id_array
069c0c67-d287-4851-b8ba-351f9ed4be89,"[{""entity_id"":""038e9a9a-4878-7561-521b-5d432a0798a0"",""entity_type"":""channel-linear"",""name"":""The 10s Spot""},{""entity_id"":""40c3d189-9611-e59f-5808-7847e294642e"",""entity_type"":""channel-linear"",""name"":""Pop2K""},{""entity_id"":""804a5411-b234-1188-27da-f01197103886"",""entity_type"":""channel-linear"",""name"":""The Spectrum""},{""entity_id"":""9e8d6f72-0b59-85cf-a222-b18d38acdc0f"",""entity_type"":""channel-linear"",""name"":""The Pulse""},{""entity_id"":""c46c9810-6274-a715-a8b9-de9d4ac33873"",""entity_type"":""channel-linear"",""name"":""Symphony Hall""},{""entity_id"":""7a642de7-c33f-a628-efb2-3d94a829d17b"",""entity_type"":""channel-linear"",""name"":""Classic Rewind""},{""entity_id"":""9759dda0-e663-9151-e830-4b4cd4684eb8"",""entity_type"":""channel-xtra"",""name"":""80s on 8 Top 100""},{""entity_id"":""194adbca-34d6-cb94-b153-3488ee563308"",""entity_type"":""channel-linear"",""name"":""SiriusXM Hits 1""},{""entity_id"":""c9256031-1123-f35f-4d49-1ba4d5379258"",""entity_type"":""channel-linear"",""name"":""90s on 9""},{""entity_id"":""cda91dcb-4098-f23e-5541-d9ccd4e80435"",""entity_type"":""channel-xtra"",""name"":""90s on 9 Just Music""},{""entity_id"":""32c4747f-8739-d578-62d8-08a92d518445"",""entity_type"":""channel-linear"",""name"":""Lithium""},{""entity_id"":""fd5740ec-7f11-0ecf-f676-46f9dc056d2c"",""entity_type"":""channel-linear"",""name"":""Alt Nation""}]"
072a6b4f-2f7b-4cbe-83c1-e9d7bbfb703a,"[{""entity_id"":""0e96d823-844f-3ab7-fdd7-5d74de02e8a7"",""entity_type"":""channel-xtra"",""name"":""Nitro""},{""entity_id"":""40c3d189-9611-e59f-5808-7847e294642e"",""entity_type"":""channel-linear"",""name"":""Pop2K""},{""entity_id"":""e4484918-45cd-b8e0-9058-b5c29710ec74"",""entity_type"":""channel-xtra"",""name"":""Octane Test Drive""},{""entity_id"":""f936a498-89c7-bc15-f158-19a015db0683"",""entity_type"":""channel-linear"",""name"":""SiriusXM Turbo""},{""entity_id"":""88a8b6eb-d649-6c32-5d55-4f196b8d2b40"",""entity_type"":""channel-xtra"",""name"":""Turbo Deep Cuts""},{""entity_id"":""d6fd521e-11fd-7ffa-d773-7aaa466cd3d6"",""entity_type"":""channel-xtra"",""name"":""2010s Hard Rock Hits""},{""entity_id"":""e4b5402c-c608-db84-ad15-4bc8e2cdccce"",""entity_type"":""channel-linear"",""name"":""Watercolors""},{""entity_id"":""54bb62a4-c098-0866-12db-bb2f4e149a3d"",""entity_type"":""channel-xtra"",""name"":""Octane Top Hits""},{""entity_id"":""bf95ab7f-4bcb-c600-1cf4-4ca33eab1a51"",""entity_type"":""channel-xtra"",""name"":""Turbo Party""},{""entity_id"":""32c4747f-8739-d578-62d8-08a92d518445"",""entity_type"":""channel-linear"",""name"":""Lithium""},{""entity_id"":""44f9129f-579a-3d23-218f-3c3518036fc6"",""entity_type"":""channel-linear"",""name"":""PopRocks""},{""entity_id"":""95ccef63-a111-09c6-5791-7f2d0337c635"",""entity_type"":""channel-xtra"",""name"":""Turbo Top 100""}]"
0958345c-ff96-4960-a81d-75152b2af8b7,"[{""entity_id"":""804a5411-b234-1188-27da-f01197103886"",""entity_type"":""channel-linear"",""name"":""The Spectrum""},{""entity_id"":""884c803d-cbd9-098b-527d-a34979274ded"",""entity_type"":""channel-linear"",""name"":""NHL Network Radio""},{""entity_id"":""93a8061c-dae0-9668-34bd-a5350770d2cb"",""entity_type"":""channel-linear"",""name"":""SmartLess Radio""},{""entity_id"":""95eb35fc-b56e-5feb-0f9e-d1106f679742"",""entity_type"":""channel-xtra"",""name"":""Lithium Stripped""},{""entity_id"":""d54094ef-b462-5a96-b54e-1d12606827ed"",""entity_type"":""channel-xtra"",""name"":""Alt Nation Adv Placement""},{""entity_id"":""a5922d75-2cca-8536-ec89-8256bcb5f6e0"",""entity_type"":""channel-xtra"",""name"":""Lithium Top 100""},{""entity_id"":""f6f4782a-9a60-6a49-197a-211afac96415"",""entity_type"":""channel-xtra"",""name"":""90s Rock & Hip-Hop""},{""entity_id"":""d0775651-a522-5ca2-7be7-20f97f37bbfb"",""entity_type"":""channel-linear"",""name"":""The Verge""},{""entity_id"":""f49737db-bea3-0c13-9834-b879fb1894c4"",""entity_type"":""channel-linear"",""name"":""SiriusXMU""},{""entity_id"":""32c4747f-8739-d578-62d8-08a92d518445"",""entity_type"":""channel-linear"",""name"":""Lithium""},{""entity_id"":""44f9129f-579a-3d23-218f-3c3518036fc6"",""entity_type"":""channel-linear"",""name"":""PopRocks""},{""entity_id"":""fd5740ec-7f11-0ecf-f676-46f9dc056d2c"",""entity_type"":""channel-linear"",""name"":""Alt Nation""}]"
0c173c1a-0186-4274-b3c3-639fb5468e1c,"[{""entity_id"":""c46c9810-6274-a715-a8b9-de9d4ac33873"",""entity_type"":""channel-linear"",""name"":""Symphony Hall""},{""entity_id"":""43993462-1c73-efb8-29e5-0c4652cf8e4f"",""entity_type"":""channel-linear"",""name"":""POTUS Politics""},{""entity_id"":""56605cc5-88b8-557b-fc3c-dae7eb41bf56"",""entity_type"":""channel-linear"",""name"":""Radio Andy""},{""entity_id"":""a7f81827-6d67-d778-e354-0ca68d1d7ec7"",""entity_type"":""channel-xtra"",""name"":""Classical Studyscape""},{""entity_id"":""b817fd55-92ac-71ae-9784-e1d8d990de30"",""entity_type"":""channel-xtra"",""name"":""Affirmations Radio""},{""entity_id"":""c2144e7c-f3b3-29b4-0ace-c7abdc77f2c9"",""entity_type"":""channel-linear"",""name"":""The Jeff Lewis Channel""},{""entity_id"":""d055fb93-81f0-5f8b-3fe0-9b245d0a6619"",""entity_type"":""channel-xtra"",""name"":""Strings""},{""entity_id"":""6de7f4f3-29bb-b224-8d5a-4dcafeee67fc"",""entity_type"":""channel-xtra"",""name"":""Music for Dogs""},{""entity_id"":""722a1329-63e3-3889-b9bc-db0c5c02464c"",""entity_type"":""channel-xtra"",""name"":""Tranquil""},{""entity_id"":""a8465da9-2ce2-9b01-6679-e67c5066697b"",""entity_type"":""channel-linear"",""name"":""SiriusXM Pops""},{""entity_id"":""ed9bb73a-24e6-7985-dc88-0015092acacc"",""entity_type"":""channel-xtra"",""name"":""Zen""},{""entity_id"":""f396533f-d05d-da8a-8d30-de6565a33221"",""entity_type"":""channel-xtra"",""name"":""Spa Instrumental""}]"
0febccbb-8693-4bc2-be8c-af9405c3e15d,"[{""entity_id"":""8d387b31-2065-7393-01c5-f86e3ea47dc9"",""entity_type"":""channel-linear"",""name"":""Utopia""},{""entity_id"":""c46c9810-6274-a715-a8b9-de9d4ac33873"",""entity_type"":""channel-linear"",""name"":""Symphony Hall""},{""entity_id"":""f3126d70-09ea-bd0c-57cd-af5ab798f313"",""entity_type"":""channel-linear"",""name"":""SiriusXM NFL Radio""},{""entity_id"":""170678e5-62e1-9117-30cf-19027d9d0a28"",""entity_type"":""channel-xtra"",""name"":""Drag Brunch""},{""entity_id"":""51f88432-8311-37e0-b57d-9b0ab63f5ce9"",""entity_type"":""channel-linear"",""name"":""ESPN Radio""},{""entity_id"":""a7f81827-6d67-d778-e354-0ca68d1d7ec7"",""entity_type"":""channel-xtra"",""name"":""Classical Studyscape""},{""entity_id"":""bf68143d-85cd-a0cf-25b3-77e72abf9cab"",""entity_type"":""channel-xtra"",""name"":""Happy Dance""},{""entity_id"":""b647fd9d-c5d4-3681-1388-c6686c889d8d"",""entity_type"":""channel-xtra"",""name"":""Cinemagic""},{""entity_id"":""d9dcf813-1a1a-2f92-a53f-e372ffc235ea"",""entity_type"":""channel-linear"",""name"":""College Sports Radio""},{""entity_id"":""e253bdca-601f-2b68-52fc-3f6a9fa33bb9"",""entity_type"":""channel-linear"",""name"":""ESPN Xtra""},{""entity_id"":""20871ee1-8eb6-7285-c842-c8a32a5a4283"",""entity_type"":""channel-xtra"",""name"":""Celebrate!""},{""entity_id"":""a8465da9-2ce2-9b01-6679-e67c5066697b"",""entity_type"":""channel-linear"",""name"":""SiriusXM Pops""}]"
11c2f418-cd1f-42cc-9b69-de8a066dd68b,"[{""entity_id"":""9737bbee-364f-05f9-fe3f-392bbbf61850"",""entity_type"":""channel-linear"",""name"":""Business Radio""},{""entity_id"":""56605cc5-88b8-557b-fc3c-dae7eb41bf56"",""entity_type"":""channel-linear"",""name"":""Radio Andy""},{""entity_id"":""7a642de7-c33f-a628-efb2-3d94a829d17b"",""entity_type"":""channel-linear"",""name"":""Classic Rewind""},{""entity_id"":""f3fec3b7-bd04-326d-808d-edf843ea2150"",""entity_type"":""channel-xtra"",""name"":""SiriusXM Southern Rock""},{""entity_id"":""2a74320f-938b-8e80-5e7f-5e8e110e1d42"",""entity_type"":""channel-linear"",""name"":""TODAY Show Radio""},{""entity_id"":""5ad8659a-414a-9e26-b973-f5a229d788dd"",""entity_type"":""channel-linear"",""name"":""Classic Vinyl""},{""entity_id"":""8ec2d70b-bd02-72d5-28ab-8a42ff358d86"",""entity_type"":""channel-xtra"",""name"":""Yacht Rock Deep Cuts""},{""entity_id"":""b647fd9d-c5d4-3681-1388-c6686c889d8d"",""entity_type"":""channel-xtra"",""name"":""Cinemagic""},{""entity_id"":""013adf53-baec-28b2-2762-5923e46b5dfe"",""entity_type"":""channel-xtra"",""name"":""80s Chillpill""},{""entity_id"":""2ea07147-a720-ed0c-d4ce-d7bddd1640d3"",""entity_type"":""channel-linear"",""name"":""80s on 8""},{""entity_id"":""3c7b2421-7ce4-0ecb-bc70-7f60f15d3d29"",""entity_type"":""channel-linear"",""name"":""CNN""},{""entity_id"":""9150cc82-af5c-3be3-d170-0e81d87375a8"",""entity_type"":""channel-linear"",""name"":""Yacht Rock Radio""}]"
177006b0-6fdb-4726-99e6-b2ff22c6cd30,"[{""entity_id"":""9e8d6f72-0b59-85cf-a222-b18d38acdc0f"",""entity_type"":""channel-linear"",""name"":""The Pulse""},{""entity_id"":""f3126d70-09ea-bd0c-57cd-af5ab798f313"",""entity_type"":""channel-linear"",""name"":""SiriusXM NFL Radio""},{""entity_id"":""21b63878-b369-1503-d1c8-6025cc8571de"",""entity_type"":""channel-linear"",""name"":""FOX Sports on SiriusXM""},{""entity_id"":""51f88432-8311-37e0-b57d-9b0ab63f5ce9"",""entity_type"":""channel-linear"",""name"":""ESPN Radio""},{""entity_id"":""a1aed141-90d4-4f65-4c58-eb0d99d8bcce"",""entity_type"":""channel-linear"",""name"":""SiriusXM Big Ten Radio""},{""entity_id"":""ab0e4302-503b-e1ff-c786-8307a3d36fe0"",""entity_type"":""channel-linear"",""name"":""SiriusXM 79""},{""entity_id"":""41f8b174-fb06-1707-aaa7-e74e109c2ee9"",""entity_type"":""channel-linear"",""name"":""The Coffee House""},{""entity_id"":""722a1329-63e3-3889-b9bc-db0c5c02464c"",""entity_type"":""channel-xtra"",""name"":""Tranquil""},{""entity_id"":""44f9129f-579a-3d23-218f-3c3518036fc6"",""entity_type"":""channel-linear"",""name"":""PopRocks""},{""entity_id"":""454db282-082e-b9a0-d099-89afbf335688"",""entity_type"":""channel-linear"",""name"":""SiriusXM SEC Radio""},{""entity_id"":""8d9c0b16-4734-3bc4-d523-7c942cf888aa"",""entity_type"":""channel-linear"",""name"":""MLB Network Radio""},{""entity_id"":""fd5740ec-7f11-0ecf-f676-46f9dc056d2c"",""entity_type"":""channel-linear"",""name"":""Alt Nation""}]"
2126abd1-25dc-4d9a-9c32-95235cca0ed4,"[{""entity_id"":""3125bac6-8975-5bda-0a5f-ba175f920bf9"",""entity_type"":""channel-xtra"",""name"":""SiriusXMU Discovery""},{""entity_id"":""21b63878-b369-1503-d1c8-6025cc8571de"",""entity_type"":""channel-linear"",""name"":""FOX Sports on SiriusXM""},{""entity_id"":""51f88432-8311-37e0-b57d-9b0ab63f5ce9"",""entity_type"":""channel-linear"",""name"":""ESPN Radio""},{""entity_id"":""a1aed141-90d4-4f65-4c58-eb0d99d8bcce"",""entity_type"":""channel-linear"",""name"":""SiriusXM Big Ten Radio""},{""entity_id"":""d9dcf813-1a1a-2f92-a53f-e372ffc235ea"",""entity_type"":""channel-linear"",""name"":""College Sports Radio""},{""entity_id"":""e253bdca-601f-2b68-52fc-3f6a9fa33bb9"",""entity_type"":""channel-linear"",""name"":""ESPN Xtra""},{""entity_id"":""f49737db-bea3-0c13-9834-b879fb1894c4"",""entity_type"":""channel-linear"",""name"":""SiriusXMU""},{""entity_id"":""2f7441a4-0d18-43ff-a574-e98217c28f4a"",""entity_type"":""channel-linear"",""name"":""SiriusXM FC""},{""entity_id"":""454db282-082e-b9a0-d099-89afbf335688"",""entity_type"":""channel-linear"",""name"":""SiriusXM SEC Radio""},{""entity_id"":""53083b46-7b29-3903-222a-3350e42eff68"",""entity_type"":""channel-linear"",""name"":""SiriusXM FC""},{""entity_id"":""abfb5780-324f-1219-48c2-c8c2445c17bd"",""entity_type"":""channel-xtra"",""name"":""Indie 1.0""},{""entity_id"":""f5701423-11a8-9ee3-e9f9-11142108ae31"",""entity_type"":""channel-linear"",""name"":""SiriusXM ACC Radio""}]"
227c6f6d-1616-4c78-98fc-cf9fc7f6d08b,"[{""entity_id"":""0a0e2928-72dd-bb4c-3cc2-910dfa506113"",""entity_type"":""channel-xtra"",""name"":""BPM Discovery""},{""entity_id"":""36415c41-0749-9004-4baa-ef0da292b2f4"",""entity_type"":""channel-xtra"",""name"":""BPM Workout""},{""entity_id"":""4abb03ff-55d9-e382-0a0d-cc9a5cc2eb80"",""entity_type"":""channel-xtra"",""name"":""BPM Top Hits""},{""entity_id"":""6adef1b5-d812-9c10-7c6c-f05af4e27077"",""entity_type"":""channel-linear"",""name"":""BPM""},{""entity_id"":""b10f1700-d575-2a1a-93c3-d5c4033ee589"",""entity_type"":""channel-xtra"",""name"":""Circuit""},{""entity_id"":""7a642de7-c33f-a628-efb2-3d94a829d17b"",""entity_type"":""channel-linear"",""name"":""Classic Rewind""},{""entity_id"":""dd0bf0c6-c979-3014-7f48-f1141fefccc6"",""entity_type"":""channel-xtra"",""name"":""The Bridge Deep Cuts""},{""entity_id"":""1898923d-071d-0abd-1a62-ed0d2702d4f1"",""entity_type"":""channel-linear"",""name"":""The Bridge""},{""entity_id"":""4ebc3011-0ebe-a9ad-c58b-9a306f60fc2b"",""entity_type"":""channel-linear"",""name"":""Diplo's Revolution""},{""entity_id"":""8ec2d70b-bd02-72d5-28ab-8a42ff358d86"",""entity_type"":""channel-xtra"",""name"":""Yacht Rock Deep Cuts""},{""entity_id"":""9150cc82-af5c-3be3-d170-0e81d87375a8"",""entity_type"":""channel-linear"",""name"":""Yacht Rock Radio""},{""entity_id"":""95d4d8ef-55e4-8337-78f1-2fda944991d8"",""entity_type"":""channel-linear"",""name"":""70s on 7""}]"
3cc2fcf5-1d34-4b79-8cc5-8fd8092bec2d,"[{""entity_id"":""0a0e2928-72dd-bb4c-3cc2-910dfa506113"",""entity_type"":""channel-xtra"",""name"":""BPM Discovery""},{""entity_id"":""36415c41-0749-9004-4baa-ef0da292b2f4"",""entity_type"":""channel-xtra"",""name"":""BPM Workout""},{""entity_id"":""4abb03ff-55d9-e382-0a0d-cc9a5cc2eb80"",""entity_type"":""channel-xtra"",""name"":""BPM Top Hits""},{""entity_id"":""834383dd-9a7e-d59e-81a2-dd13e0377af2"",""entity_type"":""channel-linear"",""name"":""SiriusXM Chill""},{""entity_id"":""b10f1700-d575-2a1a-93c3-d5c4033ee589"",""entity_type"":""channel-xtra"",""name"":""Circuit""},{""entity_id"":""0297421f-c65c-3e0c-8299-0d19bc0a89a0"",""entity_type"":""channel-xtra"",""name"":""Diplo's Run Club Radio""},{""entity_id"":""7a38c919-77fe-6627-e180-355633a0e8ec"",""entity_type"":""channel-xtra"",""name"":""Sounds of Ibiza""},{""entity_id"":""bf68143d-85cd-a0cf-25b3-77e72abf9cab"",""entity_type"":""channel-xtra"",""name"":""Happy Dance""},{""entity_id"":""4ebc3011-0ebe-a9ad-c58b-9a306f60fc2b"",""entity_type"":""channel-linear"",""name"":""Diplo's Revolution""},{""entity_id"":""6d5e6d8a-dbc8-b328-72ef-cb5e2a62a3a0"",""entity_type"":""channel-linear"",""name"":""Steve Aoki's Remix Radio""},{""entity_id"":""aac28bf2-eece-800e-0d11-957797f4b19c"",""entity_type"":""channel-xtra"",""name"":""Women of Dance""},{""entity_id"":""d6263609-da22-bf5f-774a-fc88c6e25304"",""entity_type"":""channel-xtra"",""name"":""Freestyle Dance""}]"
3deab839-6cbe-4a2c-ab40-a780083803f3,"[{""entity_id"":""40c3d189-9611-e59f-5808-7847e294642e"",""entity_type"":""channel-linear"",""name"":""Pop2K""},{""entity_id"":""804a5411-b234-1188-27da-f01197103886"",""entity_type"":""channel-linear"",""name"":""The Spectrum""},{""entity_id"":""839a00d9-1f1a-215d-c34c-6ae456726061"",""entity_type"":""channel-xtra"",""name"":""Classic Folk""},{""entity_id"":""9e545d10-7c21-9707-1d34-3d503b7365bc"",""entity_type"":""channel-linear"",""name"":""Bluegrass Junction""},{""entity_id"":""9e8d6f72-0b59-85cf-a222-b18d38acdc0f"",""entity_type"":""channel-linear"",""name"":""The Pulse""},{""entity_id"":""41f8b174-fb06-1707-aaa7-e74e109c2ee9"",""entity_type"":""channel-linear"",""name"":""The Coffee House""},{""entity_id"":""f49737db-bea3-0c13-9834-b879fb1894c4"",""entity_type"":""channel-linear"",""name"":""SiriusXMU""},{""entity_id"":""44f9129f-579a-3d23-218f-3c3518036fc6"",""entity_type"":""channel-linear"",""name"":""PopRocks""},{""entity_id"":""49131562-4579-18dc-6656-b241e88cdac0"",""entity_type"":""channel-xtra"",""name"":""Indie Sleep""},{""entity_id"":""d6f18ec8-cf30-58d9-1601-1cdcd95288c0"",""entity_type"":""channel-xtra"",""name"":""Spectrum Discovery""},{""entity_id"":""fcb5ee7b-d697-ec6e-dbab-c3d942eca913"",""entity_type"":""channel-xtra"",""name"":""Coffee House Discovery""},{""entity_id"":""fd5740ec-7f11-0ecf-f676-46f9dc056d2c"",""entity_type"":""channel-linear"",""name"":""Alt Nation""}]"
452b8693-cad8-49ab-9532-b691eb0b2477,"[{""entity_id"":""0fed9647-cc82-24d7-526d-98762e8a52cd"",""entity_type"":""channel-linear"",""name"":""Octane""},{""entity_id"":""804a5411-b234-1188-27da-f01197103886"",""entity_type"":""channel-linear"",""name"":""The Spectrum""},{""entity_id"":""f936a498-89c7-bc15-f158-19a015db0683"",""entity_type"":""channel-linear"",""name"":""SiriusXM Turbo""},{""entity_id"":""6c9ec885-e671-fb9d-40b5-f0e55f93fd9e"",""entity_type"":""channel-xtra"",""name"":""Alt Nation Top Hits""},{""entity_id"":""d3253c66-e1e1-331b-02e6-71580c33791b"",""entity_type"":""channel-linear"",""name"":""Y2Kountry""},{""entity_id"":""f49737db-bea3-0c13-9834-b879fb1894c4"",""entity_type"":""channel-linear"",""name"":""SiriusXMU""},{""entity_id"":""0dfe0e19-b5ad-5055-e82f-a8b3890ee888"",""entity_type"":""channel-xtra"",""name"":""Lo-Fi Café""},{""entity_id"":""44f9129f-579a-3d23-218f-3c3518036fc6"",""entity_type"":""channel-linear"",""name"":""PopRocks""},{""entity_id"":""5d6347dd-ce61-9b85-c1d9-70a82209b02e"",""entity_type"":""channel-linear"",""name"":""Kids Place""},{""entity_id"":""80867fa3-093f-b076-bedc-af8d71cb54ab"",""entity_type"":""channel-linear"",""name"":""Faction Talk""},{""entity_id"":""abfb5780-324f-1219-48c2-c8c2445c17bd"",""entity_type"":""channel-xtra"",""name"":""Indie 1.0""},{""entity_id"":""fd5740ec-7f11-0ecf-f676-46f9dc056d2c"",""entity_type"":""channel-linear"",""name"":""Alt Nation""}]"
45bfb32e-a283-49bc-a366-06ece37707a7,"[{""entity_id"":""0e96d823-844f-3ab7-fdd7-5d74de02e8a7"",""entity_type"":""channel-xtra"",""name"":""Nitro""},{""entity_id"":""325f06d1-8734-0378-1ae1-66323143c249"",""entity_type"":""channel-linear"",""name"":""SiriusXM NBA Radio""},{""entity_id"":""f936a498-89c7-bc15-f158-19a015db0683"",""entity_type"":""channel-linear"",""name"":""SiriusXM Turbo""},{""entity_id"":""21b63878-b369-1503-d1c8-6025cc8571de"",""entity_type"":""channel-linear"",""name"":""FOX Sports on SiriusXM""},{""entity_id"":""51f88432-8311-37e0-b57d-9b0ab63f5ce9"",""entity_type"":""channel-linear"",""name"":""ESPN Radio""},{""entity_id"":""d6fd521e-11fd-7ffa-d773-7aaa466cd3d6"",""entity_type"":""channel-xtra"",""name"":""2010s Hard Rock Hits""},{""entity_id"":""bf95ab7f-4bcb-c600-1cf4-4ca33eab1a51"",""entity_type"":""channel-xtra"",""name"":""Turbo Party""},{""entity_id"":""d9dcf813-1a1a-2f92-a53f-e372ffc235ea"",""entity_type"":""channel-linear"",""name"":""College Sports Radio""},{""entity_id"":""e253bdca-601f-2b68-52fc-3f6a9fa33bb9"",""entity_type"":""channel-linear"",""name"":""ESPN Xtra""},{""entity_id"":""3bf1a125-c0a3-e164-4910-638175ad698d"",""entity_type"":""channel-xtra"",""name"":""Turbo Workout""},{""entity_id"":""44f9129f-579a-3d23-218f-3c3518036fc6"",""entity_type"":""channel-linear"",""name"":""PopRocks""},{""entity_id"":""95ccef63-a111-09c6-5791-7f2d0337c635"",""entity_type"":""channel-xtra"",""name"":""Turbo Top 100""}]"
4b626ebf-14f6-41c4-aa4c-efd3dd749aae,"[{""entity_id"":""0a0e2928-72dd-bb4c-3cc2-910dfa506113"",""entity_type"":""channel-xtra"",""name"":""BPM Discovery""},{""entity_id"":""36415c41-0749-9004-4baa-ef0da292b2f4"",""entity_type"":""channel-xtra"",""name"":""BPM Workout""},{""entity_id"":""4abb03ff-55d9-e382-0a0d-cc9a5cc2eb80"",""entity_type"":""channel-xtra"",""name"":""BPM Top Hits""},{""entity_id"":""9e8d6f72-0b59-85cf-a222-b18d38acdc0f"",""entity_type"":""channel-linear"",""name"":""The Pulse""},{""entity_id"":""b10f1700-d575-2a1a-93c3-d5c4033ee589"",""entity_type"":""channel-xtra"",""name"":""Circuit""},{""entity_id"":""0297421f-c65c-3e0c-8299-0d19bc0a89a0"",""entity_type"":""channel-xtra"",""name"":""Diplo's Run Club Radio""},{""entity_id"":""7a38c919-77fe-6627-e180-355633a0e8ec"",""entity_type"":""channel-xtra"",""name"":""Sounds of Ibiza""},{""entity_id"":""f9227748-d27b-0bff-6efb-684024c9f555"",""entity_type"":""channel-xtra"",""name"":""Chill Instrumental""},{""entity_id"":""2fb26836-34d0-1c05-5a56-4afe77ac8d65"",""entity_type"":""channel-xtra"",""name"":""BPM Just Music""},{""entity_id"":""4ebc3011-0ebe-a9ad-c58b-9a306f60fc2b"",""entity_type"":""channel-linear"",""name"":""Diplo's Revolution""},{""entity_id"":""a7c9399c-5259-c39e-30d0-ed598b4ada8a"",""entity_type"":""channel-xtra"",""name"":""Jogging""},{""entity_id"":""44a043a9-4ad8-4f24-fbef-866695c96c95"",""entity_type"":""channel-linear"",""name"":""A State of Armin""}]"
4bf3017c-22c0-46e0-ad78-ba7765f551ae,"[{""entity_id"":""813d656c-9af5-7f51-bb48-d724327d9289"",""entity_type"":""channel-linear"",""name"":""Stars""},{""entity_id"":""93a8061c-dae0-9668-34bd-a5350770d2cb"",""entity_type"":""channel-linear"",""name"":""SmartLess Radio""},{""entity_id"":""d20ad2ef-54e7-4b1a-60b6-ff5351421cd0"",""entity_type"":""channel-linear"",""name"":""Unwell On Air""},{""entity_id"":""dd21ed4a-49e7-ae02-3a61-cd730602a389"",""entity_type"":""channel-linear"",""name"":""Conan O'Brien Radio""},{""entity_id"":""123f7d39-c99f-2f01-7900-0d4b8b010cb7"",""entity_type"":""channel-linear"",""name"":""Howard 100""},{""entity_id"":""771bf1f6-3885-aa77-e98a-51f5dcccbeba"",""entity_type"":""channel-linear"",""name"":""Comedy Central Radio""},{""entity_id"":""c2144e7c-f3b3-29b4-0ace-c7abdc77f2c9"",""entity_type"":""channel-linear"",""name"":""The Jeff Lewis Channel""},{""entity_id"":""15c78a20-48ff-41f2-aa4e-d0da15455c24"",""entity_type"":""channel-linear"",""name"":""HUR Voices""},{""entity_id"":""2a74320f-938b-8e80-5e7f-5e8e110e1d42"",""entity_type"":""channel-linear"",""name"":""TODAY Show Radio""},{""entity_id"":""0c8ec1e3-f152-0ea1-3b45-35f7ec816990"",""entity_type"":""channel-linear"",""name"":""Comedy Greats""},{""entity_id"":""80867fa3-093f-b076-bedc-af8d71cb54ab"",""entity_type"":""channel-linear"",""name"":""Faction Talk""},{""entity_id"":""96f5d0e4-ebff-564a-6c39-70a4a642e360"",""entity_type"":""channel-linear"",""name"":""Netflix Is A Joke Radio""}]"
6a0ca983-df82-4a0e-b012-9e62c498327b,"[{""entity_id"":""3125bac6-8975-5bda-0a5f-ba175f920bf9"",""entity_type"":""channel-xtra"",""name"":""SiriusXMU Discovery""},{""entity_id"":""804a5411-b234-1188-27da-f01197103886"",""entity_type"":""channel-linear"",""name"":""The Spectrum""},{""entity_id"":""d54094ef-b462-5a96-b54e-1d12606827ed"",""entity_type"":""channel-xtra"",""name"":""Alt Nation Adv Placement""},{""entity_id"":""659c1843-f6ac-773b-1df6-4a814d4a582b"",""entity_type"":""channel-xtra"",""name"":""Lithium Just Music""},{""entity_id"":""3cebb3a3-6b03-2ad2-e5be-d9f4841249a2"",""entity_type"":""channel-linear"",""name"":""Comedy Roundup""},{""entity_id"":""f49737db-bea3-0c13-9834-b879fb1894c4"",""entity_type"":""channel-linear"",""name"":""SiriusXMU""},{""entity_id"":""32c4747f-8739-d578-62d8-08a92d518445"",""entity_type"":""channel-linear"",""name"":""Lithium""},{""entity_id"":""360f0648-8908-b6b4-2aef-4017bef19a89"",""entity_type"":""channel-xtra"",""name"":""Lithium Icons""},{""entity_id"":""44f9129f-579a-3d23-218f-3c3518036fc6"",""entity_type"":""channel-linear"",""name"":""PopRocks""},{""entity_id"":""8b66f94a-7304-fd83-d442-2153b881c21f"",""entity_type"":""channel-linear"",""name"":""Raw Comedy""},{""entity_id"":""abfb5780-324f-1219-48c2-c8c2445c17bd"",""entity_type"":""channel-xtra"",""name"":""Indie 1.0""},{""entity_id"":""d6f18ec8-cf30-58d9-1601-1cdcd95288c0"",""entity_type"":""channel-xtra"",""name"":""Spectrum Discovery""}]"
6ab6b763-b857-4b6d-9696-fb3f18c2d348,"[{""entity_id"":""6a2fec4e-ffaa-e918-7f05-f9d0e3337a94"",""entity_type"":""channel-xtra"",""name"":""Hip-Hop New & Classic""},{""entity_id"":""9e8d6f72-0b59-85cf-a222-b18d38acdc0f"",""entity_type"":""channel-linear"",""name"":""The Pulse""},{""entity_id"":""dd21ed4a-49e7-ae02-3a61-cd730602a389"",""entity_type"":""channel-linear"",""name"":""Conan O'Brien Radio""},{""entity_id"":""ffd94bb6-5368-67ae-91be-5b2bababeca0"",""entity_type"":""channel-linear"",""name"":""The Highway""},{""entity_id"":""771bf1f6-3885-aa77-e98a-51f5dcccbeba"",""entity_type"":""channel-linear"",""name"":""Comedy Central Radio""},{""entity_id"":""194adbca-34d6-cb94-b153-3488ee563308"",""entity_type"":""channel-linear"",""name"":""SiriusXM Hits 1""},{""entity_id"":""3cebb3a3-6b03-2ad2-e5be-d9f4841249a2"",""entity_type"":""channel-linear"",""name"":""Comedy Roundup""},{""entity_id"":""0c8ec1e3-f152-0ea1-3b45-35f7ec816990"",""entity_type"":""channel-linear"",""name"":""Comedy Greats""},{""entity_id"":""5d6347dd-ce61-9b85-c1d9-70a82209b02e"",""entity_type"":""channel-linear"",""name"":""Kids Place""},{""entity_id"":""8b66f94a-7304-fd83-d442-2153b881c21f"",""entity_type"":""channel-linear"",""name"":""Raw Comedy""},{""entity_id"":""bf022b5f-a52e-564e-c35b-4211126df403"",""entity_type"":""channel-linear"",""name"":""Triumph""},{""entity_id"":""d960e76a-e678-e62b-a7f2-6345afee1bb2"",""entity_type"":""channel-linear"",""name"":""Disney Jr. Radio""}]"
6dfedea3-2aac-4c74-b509-fc2471953867,"[{""entity_id"":""325f06d1-8734-0378-1ae1-66323143c249"",""entity_type"":""channel-linear"",""name"":""SiriusXM NBA Radio""},{""entity_id"":""4abb03ff-55d9-e382-0a0d-cc9a5cc2eb80"",""entity_type"":""channel-xtra"",""name"":""BPM Top Hits""},{""entity_id"":""6a2fec4e-ffaa-e918-7f05-f9d0e3337a94"",""entity_type"":""channel-xtra"",""name"":""Hip-Hop New & Classic""},{""entity_id"":""6adef1b5-d812-9c10-7c6c-f05af4e27077"",""entity_type"":""channel-linear"",""name"":""BPM""},{""entity_id"":""ef4707e6-b33f-6bfe-c0a9-fbb0022ce5ca"",""entity_type"":""channel-xtra"",""name"":""Reggae Vibes""},{""entity_id"":""05cd3a1a-d292-3b8e-e8c9-1566d0726994"",""entity_type"":""channel-linear"",""name"":""SiriusXM FLY""},{""entity_id"":""881c9b1f-e7fd-4637-b87a-0dd06f1831a5"",""entity_type"":""channel-linear"",""name"":""Bob Marley's Tuff Gong""},{""entity_id"":""69b28967-e01a-0d5f-1c88-9539dad04c2e"",""entity_type"":""channel-xtra"",""name"":""Queens of Hip-Hop""},{""entity_id"":""9c8d1f17-b0e5-3622-de9c-0a5f23192e46"",""entity_type"":""channel-xtra"",""name"":""RTB - B-Sides""},{""entity_id"":""a7c9399c-5259-c39e-30d0-ed598b4ada8a"",""entity_type"":""channel-xtra"",""name"":""Jogging""},{""entity_id"":""cfb904e6-22bd-7381-fe7d-862977ba3f2b"",""entity_type"":""channel-xtra"",""name"":""Fly Party""},{""entity_id"":""dc93524a-aa6d-b0c4-0d53-caabac97500c"",""entity_type"":""channel-xtra"",""name"":""Pop & Dance Mix""}]"
6eaa48b6-5ef2-46f5-80fe-da25a7d02060,"[{""entity_id"":""6a2fec4e-ffaa-e918-7f05-f9d0e3337a94"",""entity_type"":""channel-xtra"",""name"":""Hip-Hop New & Classic""},{""entity_id"":""6adef1b5-d812-9c10-7c6c-f05af4e27077"",""entity_type"":""channel-linear"",""name"":""BPM""},{""entity_id"":""95179ecb-a419-71aa-f3e6-92f5c4db1f7f"",""entity_type"":""channel-linear"",""name"":""SoundCloud Radio""},{""entity_id"":""f3126d70-09ea-bd0c-57cd-af5ab798f313"",""entity_type"":""channel-linear"",""name"":""SiriusXM NFL Radio""},{""entity_id"":""51f88432-8311-37e0-b57d-9b0ab63f5ce9"",""entity_type"":""channel-linear"",""name"":""ESPN Radio""},{""entity_id"":""ab6a16eb-6e7b-6933-1dd1-8b04fbc922ed"",""entity_type"":""channel-linear"",""name"":""Kevin Hart's LOL Radio""},{""entity_id"":""398a7a4a-a3c0-108a-7ea1-f5f985f84d70"",""entity_type"":""channel-xtra"",""name"":""Hip-Hop Nation Discovery""},{""entity_id"":""3cebb3a3-6b03-2ad2-e5be-d9f4841249a2"",""entity_type"":""channel-linear"",""name"":""Comedy Roundup""},{""entity_id"":""4ebc3011-0ebe-a9ad-c58b-9a306f60fc2b"",""entity_type"":""channel-linear"",""name"":""Diplo's Revolution""},{""entity_id"":""b8d08b56-6bca-a461-189e-ea00b223fbf4"",""entity_type"":""channel-linear"",""name"":""NBC Sports Radio""},{""entity_id"":""0c8ec1e3-f152-0ea1-3b45-35f7ec816990"",""entity_type"":""channel-linear"",""name"":""Comedy Greats""},{""entity_id"":""d7151f52-694d-64b7-4e31-9b2f4f534454"",""entity_type"":""channel-linear"",""name"":""Pure Comedy""}]"
7e24c231-a178-45b4-b8db-3020fab42a82,"[{""entity_id"":""7b9dd5a3-ac40-b55a-1d40-8d43116b35eb"",""entity_type"":""channel-xtra"",""name"":""1st Wave Workout""},{""entity_id"":""95eb35fc-b56e-5feb-0f9e-d1106f679742"",""entity_type"":""channel-xtra"",""name"":""Lithium Stripped""},{""entity_id"":""7a642de7-c33f-a628-efb2-3d94a829d17b"",""entity_type"":""channel-linear"",""name"":""Classic Rewind""},{""entity_id"":""855ac14a-ab56-5462-ea40-ecda06123a4c"",""entity_type"":""channel-xtra"",""name"":""Classic Chill""},{""entity_id"":""ba34f8b7-f9d7-658e-2716-07e13004945b"",""entity_type"":""channel-xtra"",""name"":""1st Wave Top 100""},{""entity_id"":""f9227748-d27b-0bff-6efb-684024c9f555"",""entity_type"":""channel-xtra"",""name"":""Chill Instrumental""},{""entity_id"":""f49737db-bea3-0c13-9834-b879fb1894c4"",""entity_type"":""channel-linear"",""name"":""SiriusXMU""},{""entity_id"":""32c4747f-8739-d578-62d8-08a92d518445"",""entity_type"":""channel-linear"",""name"":""Lithium""},{""entity_id"":""360f0648-8908-b6b4-2aef-4017bef19a89"",""entity_type"":""channel-xtra"",""name"":""Lithium Icons""},{""entity_id"":""abfb5780-324f-1219-48c2-c8c2445c17bd"",""entity_type"":""channel-xtra"",""name"":""Indie 1.0""},{""entity_id"":""cdc9bee8-9317-37fa-ec8e-464096670c60"",""entity_type"":""channel-linear"",""name"":""Pearl Jam Radio""},{""entity_id"":""ef551c82-25f6-ae51-2ba5-e231c3d5aab2"",""entity_type"":""channel-xtra"",""name"":""Dad Rock""}]"
98a025fc-8cbb-4a8f-8906-46afc2128f04,"[{""entity_id"":""9737bbee-364f-05f9-fe3f-392bbbf61850"",""entity_type"":""channel-linear"",""name"":""Business Radio""},{""entity_id"":""fb5bc33e-a51e-d1dd-d547-3d80e0b8324c"",""entity_type"":""channel-linear"",""name"":""SiriusXM Urban View""},{""entity_id"":""14d3da18-9b75-0f8b-08f2-68a7db2d9c38"",""entity_type"":""channel-xtra"",""name"":""80s to Now Alt Rock""},{""entity_id"":""43993462-1c73-efb8-29e5-0c4652cf8e4f"",""entity_type"":""channel-linear"",""name"":""POTUS Politics""},{""entity_id"":""2a74320f-938b-8e80-5e7f-5e8e110e1d42"",""entity_type"":""channel-linear"",""name"":""TODAY Show Radio""},{""entity_id"":""6c9ec885-e671-fb9d-40b5-f0e55f93fd9e"",""entity_type"":""channel-xtra"",""name"":""Alt Nation Top Hits""},{""entity_id"":""d9dcf813-1a1a-2f92-a53f-e372ffc235ea"",""entity_type"":""channel-linear"",""name"":""College Sports Radio""},{""entity_id"":""f49737db-bea3-0c13-9834-b879fb1894c4"",""entity_type"":""channel-linear"",""name"":""SiriusXMU""},{""entity_id"":""6d564db0-1df6-27cd-a647-20d7a7dd4e72"",""entity_type"":""channel-xtra"",""name"":""Alt Nation Just Music""},{""entity_id"":""8d9c0b16-4734-3bc4-d523-7c942cf888aa"",""entity_type"":""channel-linear"",""name"":""MLB Network Radio""},{""entity_id"":""bf022b5f-a52e-564e-c35b-4211126df403"",""entity_type"":""channel-linear"",""name"":""Triumph""},{""entity_id"":""d6f18ec8-cf30-58d9-1601-1cdcd95288c0"",""entity_type"":""channel-xtra"",""name"":""Spectrum Discovery""}]"
a9bd4745-fd4f-4a67-9f9f-a3052effcef1,"[{""entity_id"":""038e9a9a-4878-7561-521b-5d432a0798a0"",""entity_type"":""channel-linear"",""name"":""The 10s Spot""},{""entity_id"":""40c3d189-9611-e59f-5808-7847e294642e"",""entity_type"":""channel-linear"",""name"":""Pop2K""},{""entity_id"":""804a5411-b234-1188-27da-f01197103886"",""entity_type"":""channel-linear"",""name"":""The Spectrum""},{""entity_id"":""98672b8b-d1ec-9286-7a7f-b829a617500b"",""entity_type"":""channel-linear"",""name"":""Unwell Music""},{""entity_id"":""d54094ef-b462-5a96-b54e-1d12606827ed"",""entity_type"":""channel-xtra"",""name"":""Alt Nation Adv Placement""},{""entity_id"":""194adbca-34d6-cb94-b153-3488ee563308"",""entity_type"":""channel-linear"",""name"":""SiriusXM Hits 1""},{""entity_id"":""d701b999-973e-4924-cfd9-bfb71bd4c6c5"",""entity_type"":""channel-xtra"",""name"":""Hits 1 Just Music""},{""entity_id"":""d9dcf813-1a1a-2f92-a53f-e372ffc235ea"",""entity_type"":""channel-linear"",""name"":""College Sports Radio""},{""entity_id"":""f49737db-bea3-0c13-9834-b879fb1894c4"",""entity_type"":""channel-linear"",""name"":""SiriusXMU""},{""entity_id"":""32c4747f-8739-d578-62d8-08a92d518445"",""entity_type"":""channel-linear"",""name"":""Lithium""},{""entity_id"":""44f9129f-579a-3d23-218f-3c3518036fc6"",""entity_type"":""channel-linear"",""name"":""PopRocks""},{""entity_id"":""91109e50-f6d7-3c63-1403-d841e3819b84"",""entity_type"":""channel-xtra"",""name"":""Hits 1 Top Hits""}]"
abb976e1-feb1-4b26-9f96-5a638afcf6ad,"[{""entity_id"":""93a8061c-dae0-9668-34bd-a5350770d2cb"",""entity_type"":""channel-linear"",""name"":""SmartLess Radio""},{""entity_id"":""b0cb4208-0da7-5559-a769-af864ee396fd"",""entity_type"":""channel-xtra"",""name"":""Today's Country BBQ""},{""entity_id"":""e036602a-d2c1-6008-76a6-61594ef6e957"",""entity_type"":""channel-xtra"",""name"":""Happy Country""},{""entity_id"":""ffd94bb6-5368-67ae-91be-5b2bababeca0"",""entity_type"":""channel-linear"",""name"":""The Highway""},{""entity_id"":""123f7d39-c99f-2f01-7900-0d4b8b010cb7"",""entity_type"":""channel-linear"",""name"":""Howard 100""},{""entity_id"":""56605cc5-88b8-557b-fc3c-dae7eb41bf56"",""entity_type"":""channel-linear"",""name"":""Radio Andy""},{""entity_id"":""62f63e88-f4f3-448c-8406-089b17e96b0f"",""entity_type"":""channel-xtra"",""name"":""2010s Country Hits""},{""entity_id"":""c2144e7c-f3b3-29b4-0ace-c7abdc77f2c9"",""entity_type"":""channel-linear"",""name"":""The Jeff Lewis Channel""},{""entity_id"":""e094666a-fb10-f50a-bbca-593576dbed5a"",""entity_type"":""channel-xtra"",""name"":""Highway Top Hits""},{""entity_id"":""72874f52-9f17-2e8f-d4cc-3bfdccb4227c"",""entity_type"":""channel-linear"",""name"":""Howard 101""},{""entity_id"":""939b8423-b3ec-2117-6dea-a827708a1a4f"",""entity_type"":""channel-xtra"",""name"":""Nashville Nation""},{""entity_id"":""80867fa3-093f-b076-bedc-af8d71cb54ab"",""entity_type"":""channel-linear"",""name"":""Faction Talk""}]"
b6980db1-eb15-4d76-b093-3164cae305c1,"[{""entity_id"":""4aa7c6f6-76df-7cb9-b19d-379033b8e63a"",""entity_type"":""channel-xtra"",""name"":""60s/70s R&B Hits""},{""entity_id"":""7b9dd5a3-ac40-b55a-1d40-8d43116b35eb"",""entity_type"":""channel-xtra"",""name"":""1st Wave Workout""},{""entity_id"":""f3126d70-09ea-bd0c-57cd-af5ab798f313"",""entity_type"":""channel-linear"",""name"":""SiriusXM NFL Radio""},{""entity_id"":""f8d56fdd-7b88-cae3-c3c7-587d595e74de"",""entity_type"":""channel-xtra"",""name"":""70s on 7 Dance/R&B""},{""entity_id"":""771bf1f6-3885-aa77-e98a-51f5dcccbeba"",""entity_type"":""channel-linear"",""name"":""Comedy Central Radio""},{""entity_id"":""ba34f8b7-f9d7-658e-2716-07e13004945b"",""entity_type"":""channel-xtra"",""name"":""1st Wave Top 100""},{""entity_id"":""3cebb3a3-6b03-2ad2-e5be-d9f4841249a2"",""entity_type"":""channel-linear"",""name"":""Comedy Roundup""},{""entity_id"":""722a1329-63e3-3889-b9bc-db0c5c02464c"",""entity_type"":""channel-xtra"",""name"":""Tranquil""},{""entity_id"":""d9dcf813-1a1a-2f92-a53f-e372ffc235ea"",""entity_type"":""channel-linear"",""name"":""College Sports Radio""},{""entity_id"":""0c8ec1e3-f152-0ea1-3b45-35f7ec816990"",""entity_type"":""channel-linear"",""name"":""Comedy Greats""},{""entity_id"":""64ec5832-5bf6-db31-5b6c-41cac39ded7c"",""entity_type"":""channel-xtra"",""name"":""1st Wave Party""},{""entity_id"":""aca7fffa-8438-5137-40dc-39aadc9a5331"",""entity_type"":""channel-xtra"",""name"":""1st Wave Deep Cuts""}]"
bc3ce03a-939c-4501-99c8-8c6812a02808,"[{""entity_id"":""78588bdb-5d41-9b13-d85d-a63e9f830465"",""entity_type"":""channel-xtra"",""name"":""Reggae Top 100""},{""entity_id"":""ef4707e6-b33f-6bfe-c0a9-fbb0022ce5ca"",""entity_type"":""channel-xtra"",""name"":""Reggae Vibes""},{""entity_id"":""ffd94bb6-5368-67ae-91be-5b2bababeca0"",""entity_type"":""channel-linear"",""name"":""The Highway""},{""entity_id"":""59b6ed0e-4c39-ec45-f8be-ce1599661ce3"",""entity_type"":""channel-linear"",""name"":""Alt2K""},{""entity_id"":""881c9b1f-e7fd-4637-b87a-0dd06f1831a5"",""entity_type"":""channel-linear"",""name"":""Bob Marley's Tuff Gong""},{""entity_id"":""ac00ab0c-0a60-63bb-32fe-44e8b9be24fd"",""entity_type"":""channel-linear"",""name"":""Shaggy Boombastic Radio""},{""entity_id"":""9e9b3f37-c423-c564-3700-5e4c882342fa"",""entity_type"":""channel-xtra"",""name"":""Alt Workout""},{""entity_id"":""c933faa8-3cd2-ff5c-3e22-bb9396dd0f5f"",""entity_type"":""channel-xtra"",""name"":""Spectrum Top Hits""},{""entity_id"":""f49737db-bea3-0c13-9834-b879fb1894c4"",""entity_type"":""channel-linear"",""name"":""SiriusXMU""},{""entity_id"":""32c4747f-8739-d578-62d8-08a92d518445"",""entity_type"":""channel-linear"",""name"":""Lithium""},{""entity_id"":""abfb5780-324f-1219-48c2-c8c2445c17bd"",""entity_type"":""channel-xtra"",""name"":""Indie 1.0""},{""entity_id"":""ef551c82-25f6-ae51-2ba5-e231c3d5aab2"",""entity_type"":""channel-xtra"",""name"":""Dad Rock""}]"
bf56a798-33fa-4f68-88ae-53b1093f6e5b,"[{""entity_id"":""813d656c-9af5-7f51-bb48-d724327d9289"",""entity_type"":""channel-linear"",""name"":""Stars""},{""entity_id"":""93a8061c-dae0-9668-34bd-a5350770d2cb"",""entity_type"":""channel-linear"",""name"":""SmartLess Radio""},{""entity_id"":""d20ad2ef-54e7-4b1a-60b6-ff5351421cd0"",""entity_type"":""channel-linear"",""name"":""Unwell On Air""},{""entity_id"":""dd21ed4a-49e7-ae02-3a61-cd730602a389"",""entity_type"":""channel-linear"",""name"":""Conan O'Brien Radio""},{""entity_id"":""123f7d39-c99f-2f01-7900-0d4b8b010cb7"",""entity_type"":""channel-linear"",""name"":""Howard 100""},{""entity_id"":""771bf1f6-3885-aa77-e98a-51f5dcccbeba"",""entity_type"":""channel-linear"",""name"":""Comedy Central Radio""},{""entity_id"":""c2144e7c-f3b3-29b4-0ace-c7abdc77f2c9"",""entity_type"":""channel-linear"",""name"":""The Jeff Lewis Channel""},{""entity_id"":""15c78a20-48ff-41f2-aa4e-d0da15455c24"",""entity_type"":""channel-linear"",""name"":""HUR Voices""},{""entity_id"":""2a74320f-938b-8e80-5e7f-5e8e110e1d42"",""entity_type"":""channel-linear"",""name"":""TODAY Show Radio""},{""entity_id"":""72874f52-9f17-2e8f-d4cc-3bfdccb4227c"",""entity_type"":""channel-linear"",""name"":""Howard 101""},{""entity_id"":""4fc25519-469b-df27-7887-cbcda25cdb55"",""entity_type"":""channel-xtra"",""name"":""Dead Archive""},{""entity_id"":""80867fa3-093f-b076-bedc-af8d71cb54ab"",""entity_type"":""channel-linear"",""name"":""Faction Talk""}]"
cef5bbed-bfdf-483d-85d4-6d843b599658,"[{""entity_id"":""0ad5a8a2-87c0-164d-3fe5-da04f7b2f18f"",""entity_type"":""channel-xtra"",""name"":""Forest Dreams""},{""entity_id"":""269497e4-7f91-377d-0940-6b9f027b5b3b"",""entity_type"":""channel-xtra"",""name"":""The Sleep Channel""},{""entity_id"":""476e74dd-cb7c-b8e1-4920-0446e694f9e4"",""entity_type"":""channel-xtra"",""name"":""Yoga""},{""entity_id"":""6a2fec4e-ffaa-e918-7f05-f9d0e3337a94"",""entity_type"":""channel-xtra"",""name"":""Hip-Hop New & Classic""},{""entity_id"":""988d25d1-db91-ee15-72e1-386c1972b8b0"",""entity_type"":""channel-linear"",""name"":""Rock The Bells Radio""},{""entity_id"":""0736f9f8-2b36-d38f-e3a6-d4de7d7877a8"",""entity_type"":""channel-linear"",""name"":""No Shoes Radio""},{""entity_id"":""2022dfab-580f-675f-6aad-00aad9c3be9b"",""entity_type"":""channel-linear"",""name"":""Shade 45""},{""entity_id"":""722a1329-63e3-3889-b9bc-db0c5c02464c"",""entity_type"":""channel-xtra"",""name"":""Tranquil""},{""entity_id"":""bd54fc02-e063-0e3e-0cbb-4ceafef734e7"",""entity_type"":""channel-linear"",""name"":""Hip-Hop Nation""},{""entity_id"":""d324f7fe-efc8-e5fa-5ad5-14fa6ba0d9bf"",""entity_type"":""channel-linear"",""name"":""Spa""},{""entity_id"":""9ac86521-ebce-5a24-4f8b-f158ad22b4b7"",""entity_type"":""channel-xtra"",""name"":""Soothe""},{""entity_id"":""ed9bb73a-24e6-7985-dc88-0015092acacc"",""entity_type"":""channel-xtra"",""name"":""Zen""}]"
cffe2c03-1ddf-4120-a553-6cd67eb9d356,"[{""entity_id"":""325f06d1-8734-0378-1ae1-66323143c249"",""entity_type"":""channel-linear"",""name"":""SiriusXM NBA Radio""},{""entity_id"":""40c3d189-9611-e59f-5808-7847e294642e"",""entity_type"":""channel-linear"",""name"":""Pop2K""},{""entity_id"":""48963cbb-dc2f-72ac-789c-d6bf7f7db12c"",""entity_type"":""channel-xtra"",""name"":""Sweat""},{""entity_id"":""f3126d70-09ea-bd0c-57cd-af5ab798f313"",""entity_type"":""channel-linear"",""name"":""SiriusXM NFL Radio""},{""entity_id"":""2c1e8e80-4ae6-557d-08f1-4e2460ac6b2d"",""entity_type"":""channel-xtra"",""name"":""Lo-Fi Study""},{""entity_id"":""51f88432-8311-37e0-b57d-9b0ab63f5ce9"",""entity_type"":""channel-linear"",""name"":""ESPN Radio""},{""entity_id"":""578f0c9f-e73d-81d7-7143-a8728e0816e1"",""entity_type"":""channel-xtra"",""name"":""Lo-Fi Sleep""},{""entity_id"":""d9dcf813-1a1a-2f92-a53f-e372ffc235ea"",""entity_type"":""channel-linear"",""name"":""College Sports Radio""},{""entity_id"":""f49737db-bea3-0c13-9834-b879fb1894c4"",""entity_type"":""channel-linear"",""name"":""SiriusXMU""},{""entity_id"":""44f9129f-579a-3d23-218f-3c3518036fc6"",""entity_type"":""channel-linear"",""name"":""PopRocks""},{""entity_id"":""8d9c0b16-4734-3bc4-d523-7c942cf888aa"",""entity_type"":""channel-linear"",""name"":""MLB Network Radio""},{""entity_id"":""fd5740ec-7f11-0ecf-f676-46f9dc056d2c"",""entity_type"":""channel-linear"",""name"":""Alt Nation""}]"
d6bd147e-3f9a-479d-98c6-ff3ed8ee9a26,"[{""entity_id"":""21b63878-b369-1503-d1c8-6025cc8571de"",""entity_type"":""channel-linear"",""name"":""FOX Sports on SiriusXM""},{""entity_id"":""51f88432-8311-37e0-b57d-9b0ab63f5ce9"",""entity_type"":""channel-linear"",""name"":""ESPN Radio""},{""entity_id"":""a1aed141-90d4-4f65-4c58-eb0d99d8bcce"",""entity_type"":""channel-linear"",""name"":""SiriusXM Big Ten Radio""},{""entity_id"":""a7e7adb4-bde3-92e3-f9c3-17a32ed95bf0"",""entity_type"":""channel-xtra"",""name"":""Alarm Clock Radio""},{""entity_id"":""f3fec3b7-bd04-326d-808d-edf843ea2150"",""entity_type"":""channel-xtra"",""name"":""SiriusXM Southern Rock""},{""entity_id"":""41f8b174-fb06-1707-aaa7-e74e109c2ee9"",""entity_type"":""channel-linear"",""name"":""The Coffee House""},{""entity_id"":""4e99c70a-e21d-e4f8-376a-530d0b247ea9"",""entity_type"":""channel-xtra"",""name"":""SiriusXM Comes Alive!""},{""entity_id"":""d9dcf813-1a1a-2f92-a53f-e372ffc235ea"",""entity_type"":""channel-linear"",""name"":""College Sports Radio""},{""entity_id"":""e253bdca-601f-2b68-52fc-3f6a9fa33bb9"",""entity_type"":""channel-linear"",""name"":""ESPN Xtra""},{""entity_id"":""454db282-082e-b9a0-d099-89afbf335688"",""entity_type"":""channel-linear"",""name"":""SiriusXM SEC Radio""},{""entity_id"":""abfb5780-324f-1219-48c2-c8c2445c17bd"",""entity_type"":""channel-xtra"",""name"":""Indie 1.0""},{""entity_id"":""f5701423-11a8-9ee3-e9f9-11142108ae31"",""entity_type"":""channel-linear"",""name"":""SiriusXM ACC Radio""}]"
db8b7cbc-41ea-40ae-9d29-463ff1fccfad,"[{""entity_id"":""038e9a9a-4878-7561-521b-5d432a0798a0"",""entity_type"":""channel-linear"",""name"":""The 10s Spot""},{""entity_id"":""325f06d1-8734-0378-1ae1-66323143c249"",""entity_type"":""channel-linear"",""name"":""SiriusXM NBA Radio""},{""entity_id"":""6a2fec4e-ffaa-e918-7f05-f9d0e3337a94"",""entity_type"":""channel-xtra"",""name"":""Hip-Hop New & Classic""},{""entity_id"":""e6333906-2e89-6c07-59d6-36d09248b8dc"",""entity_type"":""channel-linear"",""name"":""Real Jazz""},{""entity_id"":""f3126d70-09ea-bd0c-57cd-af5ab798f313"",""entity_type"":""channel-linear"",""name"":""SiriusXM NFL Radio""},{""entity_id"":""fb5bc33e-a51e-d1dd-d547-3d80e0b8324c"",""entity_type"":""channel-linear"",""name"":""SiriusXM Urban View""},{""entity_id"":""51f88432-8311-37e0-b57d-9b0ab63f5ce9"",""entity_type"":""channel-linear"",""name"":""ESPN Radio""},{""entity_id"":""d055fb93-81f0-5f8b-3fe0-9b245d0a6619"",""entity_type"":""channel-xtra"",""name"":""Strings""},{""entity_id"":""2a74320f-938b-8e80-5e7f-5e8e110e1d42"",""entity_type"":""channel-linear"",""name"":""TODAY Show Radio""},{""entity_id"":""d9dcf813-1a1a-2f92-a53f-e372ffc235ea"",""entity_type"":""channel-linear"",""name"":""College Sports Radio""},{""entity_id"":""4fc25519-469b-df27-7887-cbcda25cdb55"",""entity_type"":""channel-xtra"",""name"":""Dead Archive""},{""entity_id"":""bf022b5f-a52e-564e-c35b-4211126df403"",""entity_type"":""channel-linear"",""name"":""Triumph""}]"
df3c33d7-d83a-422e-a260-2069a0704b00,"[{""entity_id"":""6a2fec4e-ffaa-e918-7f05-f9d0e3337a94"",""entity_type"":""channel-xtra"",""name"":""Hip-Hop New & Classic""},{""entity_id"":""c46c9810-6274-a715-a8b9-de9d4ac33873"",""entity_type"":""channel-linear"",""name"":""Symphony Hall""},{""entity_id"":""d4d17484-cb4d-06bf-60e0-2944cb827371"",""entity_type"":""channel-linear"",""name"":""Met Opera Radio""},{""entity_id"":""988d25d1-db91-ee15-72e1-386c1972b8b0"",""entity_type"":""channel-linear"",""name"":""Rock The Bells Radio""},{""entity_id"":""a7f81827-6d67-d778-e354-0ca68d1d7ec7"",""entity_type"":""channel-xtra"",""name"":""Classical Studyscape""},{""entity_id"":""d055fb93-81f0-5f8b-3fe0-9b245d0a6619"",""entity_type"":""channel-xtra"",""name"":""Strings""},{""entity_id"":""2022dfab-580f-675f-6aad-00aad9c3be9b"",""entity_type"":""channel-linear"",""name"":""Shade 45""},{""entity_id"":""398a7a4a-a3c0-108a-7ea1-f5f985f84d70"",""entity_type"":""channel-xtra"",""name"":""Hip-Hop Nation Discovery""},{""entity_id"":""bd54fc02-e063-0e3e-0cbb-4ceafef734e7"",""entity_type"":""channel-linear"",""name"":""Hip-Hop Nation""},{""entity_id"":""906e5792-c7fe-5ea8-90f0-002dcfaa34fe"",""entity_type"":""channel-xtra"",""name"":""Classical for Sleep""},{""entity_id"":""a3db0d1b-1224-8e0d-786f-eafd24e4750f"",""entity_type"":""channel-xtra"",""name"":""Hip-Hop Nation Top Hits""},{""entity_id"":""a8465da9-2ce2-9b01-6679-e67c5066697b"",""entity_type"":""channel-linear"",""name"":""SiriusXM Pops""}]"
e5174632-aade-4a9c-8c66-b0e28df10c3b,"[{""entity_id"":""804a5411-b234-1188-27da-f01197103886"",""entity_type"":""channel-linear"",""name"":""The Spectrum""},{""entity_id"":""dd21ed4a-49e7-ae02-3a61-cd730602a389"",""entity_type"":""channel-linear"",""name"":""Conan O'Brien Radio""},{""entity_id"":""123f7d39-c99f-2f01-7900-0d4b8b010cb7"",""entity_type"":""channel-linear"",""name"":""Howard 100""},{""entity_id"":""43993462-1c73-efb8-29e5-0c4652cf8e4f"",""entity_type"":""channel-linear"",""name"":""POTUS Politics""},{""entity_id"":""56605cc5-88b8-557b-fc3c-dae7eb41bf56"",""entity_type"":""channel-linear"",""name"":""Radio Andy""},{""entity_id"":""771bf1f6-3885-aa77-e98a-51f5dcccbeba"",""entity_type"":""channel-linear"",""name"":""Comedy Central Radio""},{""entity_id"":""72874f52-9f17-2e8f-d4cc-3bfdccb4227c"",""entity_type"":""channel-linear"",""name"":""Howard 101""},{""entity_id"":""f49737db-bea3-0c13-9834-b879fb1894c4"",""entity_type"":""channel-linear"",""name"":""SiriusXMU""},{""entity_id"":""0c8ec1e3-f152-0ea1-3b45-35f7ec816990"",""entity_type"":""channel-linear"",""name"":""Comedy Greats""},{""entity_id"":""32c4747f-8739-d578-62d8-08a92d518445"",""entity_type"":""channel-linear"",""name"":""Lithium""},{""entity_id"":""80867fa3-093f-b076-bedc-af8d71cb54ab"",""entity_type"":""channel-linear"",""name"":""Faction Talk""},{""entity_id"":""abfb5780-324f-1219-48c2-c8c2445c17bd"",""entity_type"":""channel-xtra"",""name"":""Indie 1.0""}]"
edbdfef6-68b1-4469-b1e9-23dff2b3e015,"[{""entity_id"":""038e9a9a-4878-7561-521b-5d432a0798a0"",""entity_type"":""channel-linear"",""name"":""The 10s Spot""},{""entity_id"":""9e8d6f72-0b59-85cf-a222-b18d38acdc0f"",""entity_type"":""channel-linear"",""name"":""The Pulse""},{""entity_id"":""b10f1700-d575-2a1a-93c3-d5c4033ee589"",""entity_type"":""channel-xtra"",""name"":""Circuit""},{""entity_id"":""ffd94bb6-5368-67ae-91be-5b2bababeca0"",""entity_type"":""channel-linear"",""name"":""The Highway""},{""entity_id"":""7a38c919-77fe-6627-e180-355633a0e8ec"",""entity_type"":""channel-xtra"",""name"":""Sounds of Ibiza""},{""entity_id"":""e094666a-fb10-f50a-bbca-593576dbed5a"",""entity_type"":""channel-xtra"",""name"":""Highway Top Hits""},{""entity_id"":""194adbca-34d6-cb94-b153-3488ee563308"",""entity_type"":""channel-linear"",""name"":""SiriusXM Hits 1""},{""entity_id"":""722a1329-63e3-3889-b9bc-db0c5c02464c"",""entity_type"":""channel-xtra"",""name"":""Tranquil""},{""entity_id"":""d3253c66-e1e1-331b-02e6-71580c33791b"",""entity_type"":""channel-linear"",""name"":""Y2Kountry""},{""entity_id"":""91109e50-f6d7-3c63-1403-d841e3819b84"",""entity_type"":""channel-xtra"",""name"":""Hits 1 Top Hits""},{""entity_id"":""abfb5780-324f-1219-48c2-c8c2445c17bd"",""entity_type"":""channel-xtra"",""name"":""Indie 1.0""},{""entity_id"":""fd5740ec-7f11-0ecf-f676-46f9dc056d2c"",""entity_type"":""channel-linear"",""name"":""Alt Nation""}]"
ef4d8bb7-01c4-44e3-867c-ef5a84b6083c,"[{""entity_id"":""6a2fec4e-ffaa-e918-7f05-f9d0e3337a94"",""entity_type"":""channel-xtra"",""name"":""Hip-Hop New & Classic""},{""entity_id"":""d54094ef-b462-5a96-b54e-1d12606827ed"",""entity_type"":""channel-xtra"",""name"":""Alt Nation Adv Placement""},{""entity_id"":""ffd94bb6-5368-67ae-91be-5b2bababeca0"",""entity_type"":""channel-linear"",""name"":""The Highway""},{""entity_id"":""0c14c6ec-9da9-4846-3a87-18ac97717a5b"",""entity_type"":""channel-xtra"",""name"":""2Ks to Now Pop Hits""},{""entity_id"":""7a642de7-c33f-a628-efb2-3d94a829d17b"",""entity_type"":""channel-linear"",""name"":""Classic Rewind""},{""entity_id"":""4ebc3011-0ebe-a9ad-c58b-9a306f60fc2b"",""entity_type"":""channel-linear"",""name"":""Diplo's Revolution""},{""entity_id"":""5ad8659a-414a-9e26-b973-f5a229d788dd"",""entity_type"":""channel-linear"",""name"":""Classic Vinyl""},{""entity_id"":""939b8423-b3ec-2117-6dea-a827708a1a4f"",""entity_type"":""channel-xtra"",""name"":""Nashville Nation""},{""entity_id"":""bd54fc02-e063-0e3e-0cbb-4ceafef734e7"",""entity_type"":""channel-linear"",""name"":""Hip-Hop Nation""},{""entity_id"":""c9256031-1123-f35f-4d49-1ba4d5379258"",""entity_type"":""channel-linear"",""name"":""90s on 9""},{""entity_id"":""32c4747f-8739-d578-62d8-08a92d518445"",""entity_type"":""channel-linear"",""name"":""Lithium""},{""entity_id"":""91109e50-f6d7-3c63-1403-d841e3819b84"",""entity_type"":""channel-xtra"",""name"":""Hits 1 Top Hits""}]"
f6eb2fa1-4708-4560-b2a8-f8c386f65d8f,"[{""entity_id"":""325f06d1-8734-0378-1ae1-66323143c249"",""entity_type"":""channel-linear"",""name"":""SiriusXM NBA Radio""},{""entity_id"":""804a5411-b234-1188-27da-f01197103886"",""entity_type"":""channel-linear"",""name"":""The Spectrum""},{""entity_id"":""95eb35fc-b56e-5feb-0f9e-d1106f679742"",""entity_type"":""channel-xtra"",""name"":""Lithium Stripped""},{""entity_id"":""fb5bc33e-a51e-d1dd-d547-3d80e0b8324c"",""entity_type"":""channel-linear"",""name"":""SiriusXM Urban View""},{""entity_id"":""fc92713b-2006-4980-ef7c-e70f1da80427"",""entity_type"":""channel-linear"",""name"":""The Megyn Kelly Channel""},{""entity_id"":""43993462-1c73-efb8-29e5-0c4652cf8e4f"",""entity_type"":""channel-linear"",""name"":""POTUS Politics""},{""entity_id"":""a5922d75-2cca-8536-ec89-8256bcb5f6e0"",""entity_type"":""channel-xtra"",""name"":""Lithium Top 100""},{""entity_id"":""f9227748-d27b-0bff-6efb-684024c9f555"",""entity_type"":""channel-xtra"",""name"":""Chill Instrumental""},{""entity_id"":""32c4747f-8739-d578-62d8-08a92d518445"",""entity_type"":""channel-linear"",""name"":""Lithium""},{""entity_id"":""360f0648-8908-b6b4-2aef-4017bef19a89"",""entity_type"":""channel-xtra"",""name"":""Lithium Icons""},{""entity_id"":""6739babb-7975-e60e-1835-fbacd4bbd855"",""entity_type"":""channel-linear"",""name"":""SiriusXM Patriot""},{""entity_id"":""bf022b5f-a52e-564e-c35b-4211126df403"",""entity_type"":""channel-linear"",""name"":""Triumph""}]"
f74b3aa6-db23-4830-8c24-b9d92cae13f0,"[{""entity_id"":""0fed9647-cc82-24d7-526d-98762e8a52cd"",""entity_type"":""channel-linear"",""name"":""Octane""},{""entity_id"":""c46c9810-6274-a715-a8b9-de9d4ac33873"",""entity_type"":""channel-linear"",""name"":""Symphony Hall""},{""entity_id"":""578f0c9f-e73d-81d7-7143-a8728e0816e1"",""entity_type"":""channel-xtra"",""name"":""Lo-Fi Sleep""},{""entity_id"":""a7f81827-6d67-d778-e354-0ca68d1d7ec7"",""entity_type"":""channel-xtra"",""name"":""Classical Studyscape""},{""entity_id"":""adc27a20-6fc4-7269-5ca6-4a492f7dfa55"",""entity_type"":""channel-linear"",""name"":""On Broadway""},{""entity_id"":""d055fb93-81f0-5f8b-3fe0-9b245d0a6619"",""entity_type"":""channel-xtra"",""name"":""Strings""},{""entity_id"":""d6fd521e-11fd-7ffa-d773-7aaa466cd3d6"",""entity_type"":""channel-xtra"",""name"":""2010s Hard Rock Hits""},{""entity_id"":""2022dfab-580f-675f-6aad-00aad9c3be9b"",""entity_type"":""channel-linear"",""name"":""Shade 45""},{""entity_id"":""b647fd9d-c5d4-3681-1388-c6686c889d8d"",""entity_type"":""channel-xtra"",""name"":""Cinemagic""},{""entity_id"":""32c4747f-8739-d578-62d8-08a92d518445"",""entity_type"":""channel-linear"",""name"":""Lithium""},{""entity_id"":""9ac86521-ebce-5a24-4f8b-f158ad22b4b7"",""entity_type"":""channel-xtra"",""name"":""Soothe""},{""entity_id"":""f396533f-d05d-da8a-8d30-de6565a33221"",""entity_type"":""channel-xtra"",""name"":""Spa Instrumental""}]"
f782369b-554e-4351-bf3c-08115e347537,"[{""entity_id"":""269497e4-7f91-377d-0940-6b9f027b5b3b"",""entity_type"":""channel-xtra"",""name"":""The Sleep Channel""},{""entity_id"":""b10f1700-d575-2a1a-93c3-d5c4033ee589"",""entity_type"":""channel-xtra"",""name"":""Circuit""},{""entity_id"":""c46c9810-6274-a715-a8b9-de9d4ac33873"",""entity_type"":""channel-linear"",""name"":""Symphony Hall""},{""entity_id"":""fb5bc33e-a51e-d1dd-d547-3d80e0b8324c"",""entity_type"":""channel-linear"",""name"":""SiriusXM Urban View""},{""entity_id"":""0297421f-c65c-3e0c-8299-0d19bc0a89a0"",""entity_type"":""channel-xtra"",""name"":""Diplo's Run Club Radio""},{""entity_id"":""7a38c919-77fe-6627-e180-355633a0e8ec"",""entity_type"":""channel-xtra"",""name"":""Sounds of Ibiza""},{""entity_id"":""f9227748-d27b-0bff-6efb-684024c9f555"",""entity_type"":""channel-xtra"",""name"":""Chill Instrumental""},{""entity_id"":""2a74320f-938b-8e80-5e7f-5e8e110e1d42"",""entity_type"":""channel-linear"",""name"":""TODAY Show Radio""},{""entity_id"":""41f8b174-fb06-1707-aaa7-e74e109c2ee9"",""entity_type"":""channel-linear"",""name"":""The Coffee House""},{""entity_id"":""49131562-4579-18dc-6656-b241e88cdac0"",""entity_type"":""channel-xtra"",""name"":""Indie Sleep""},{""entity_id"":""bf022b5f-a52e-564e-c35b-4211126df403"",""entity_type"":""channel-linear"",""name"":""Triumph""},{""entity_id"":""fcb5ee7b-d697-ec6e-dbab-c3d942eca913"",""entity_type"":""channel-xtra"",""name"":""Coffee House Discovery""}]"
f9af2c8c-0b0c-4169-94a4-7c7e3eeb2d1c,"[{""entity_id"":""269497e4-7f91-377d-0940-6b9f027b5b3b"",""entity_type"":""channel-xtra"",""name"":""The Sleep Channel""},{""entity_id"":""c46c9810-6274-a715-a8b9-de9d4ac33873"",""entity_type"":""channel-linear"",""name"":""Symphony Hall""},{""entity_id"":""d4d17484-cb4d-06bf-60e0-2944cb827371"",""entity_type"":""channel-linear"",""name"":""Met Opera Radio""},{""entity_id"":""8177af44-fd60-3203-bb01-356d5f943669"",""entity_type"":""channel-xtra"",""name"":""Music for Cats""},{""entity_id"":""a7f81827-6d67-d778-e354-0ca68d1d7ec7"",""entity_type"":""channel-xtra"",""name"":""Classical Studyscape""},{""entity_id"":""d055fb93-81f0-5f8b-3fe0-9b245d0a6619"",""entity_type"":""channel-xtra"",""name"":""Strings""},{""entity_id"":""24e9f2a1-6322-3024-3d37-0f37f40129b3"",""entity_type"":""channel-xtra"",""name"":""Symphony Hall Just Music""},{""entity_id"":""c072972e-8ca4-471d-ce72-339ae56422fc"",""entity_type"":""channel-xtra"",""name"":""Elevations Pop""},{""entity_id"":""d324f7fe-efc8-e5fa-5ad5-14fa6ba0d9bf"",""entity_type"":""channel-linear"",""name"":""Spa""},{""entity_id"":""2cf05b9d-a7e5-b975-1fcf-6458584c8e57"",""entity_type"":""channel-xtra"",""name"":""Piano Instrumentals""},{""entity_id"":""906e5792-c7fe-5ea8-90f0-002dcfaa34fe"",""entity_type"":""channel-xtra"",""name"":""Classical for Sleep""},{""entity_id"":""a8465da9-2ce2-9b01-6679-e67c5066697b"",""entity_type"":""channel-linear"",""name"":""SiriusXM Pops""}]"
febf7a85-4034-479a-84b5-f06e606febf0,"[{""entity_id"":""804a5411-b234-1188-27da-f01197103886"",""entity_type"":""channel-linear"",""name"":""The Spectrum""},{""entity_id"":""93a8061c-dae0-9668-34bd-a5350770d2cb"",""entity_type"":""channel-linear"",""name"":""SmartLess Radio""},{""entity_id"":""c2144e7c-f3b3-29b4-0ace-c7abdc77f2c9"",""entity_type"":""channel-linear"",""name"":""The Jeff Lewis Channel""},{""entity_id"":""15c78a20-48ff-41f2-aa4e-d0da15455c24"",""entity_type"":""channel-linear"",""name"":""HUR Voices""},{""entity_id"":""882b5229-2798-4385-5f05-0835c1d017c2"",""entity_type"":""channel-linear"",""name"":""The Loft""},{""entity_id"":""c2e3e686-93a6-5d22-c818-6d8ea63bcc7c"",""entity_type"":""channel-linear"",""name"":""The Message""},{""entity_id"":""f3f11fab-4d6f-6fc5-84d6-e1fee28382fe"",""entity_type"":""channel-xtra"",""name"":""Lullaby""},{""entity_id"":""f49737db-bea3-0c13-9834-b879fb1894c4"",""entity_type"":""channel-linear"",""name"":""SiriusXMU""},{""entity_id"":""44f9129f-579a-3d23-218f-3c3518036fc6"",""entity_type"":""channel-linear"",""name"":""PopRocks""},{""entity_id"":""abfb5780-324f-1219-48c2-c8c2445c17bd"",""entity_type"":""channel-xtra"",""name"":""Indie 1.0""},{""entity_id"":""aca7fffa-8438-5137-40dc-39aadc9a5331"",""entity_type"":""channel-xtra"",""name"":""1st Wave Deep Cuts""},{""entity_id"":""fd5740ec-7f11-0ecf-f676-46f9dc056d2c"",""entity_type"":""channel-linear"",""name"":""Alt Nation""}]"
ff5e2241-2a00-450b-aa08-270eb4ae215c,"[{""entity_id"":""1a8c7e32-a74d-20a9-9842-63fecb57f97c"",""entity_type"":""channel-xtra"",""name"":""Yacht Soul""},{""entity_id"":""839a00d9-1f1a-215d-c34c-6ae456726061"",""entity_type"":""channel-xtra"",""name"":""Classic Folk""},{""entity_id"":""95eb35fc-b56e-5feb-0f9e-d1106f679742"",""entity_type"":""channel-xtra"",""name"":""Lithium Stripped""},{""entity_id"":""ffd94bb6-5368-67ae-91be-5b2bababeca0"",""entity_type"":""channel-linear"",""name"":""The Highway""},{""entity_id"":""54f4144b-13f6-4e4c-3d4b-3d9f6f766e27"",""entity_type"":""channel-linear"",""name"":""Canada Talks""},{""entity_id"":""939b8423-b3ec-2117-6dea-a827708a1a4f"",""entity_type"":""channel-xtra"",""name"":""Nashville Nation""},{""entity_id"":""32c4747f-8739-d578-62d8-08a92d518445"",""entity_type"":""channel-linear"",""name"":""Lithium""},{""entity_id"":""44f9129f-579a-3d23-218f-3c3518036fc6"",""entity_type"":""channel-linear"",""name"":""PopRocks""},{""entity_id"":""70668806-46ce-5d30-ce7d-c017f748a6fc"",""entity_type"":""channel-xtra"",""name"":""Women of Country""},{""entity_id"":""bf022b5f-a52e-564e-c35b-4211126df403"",""entity_type"":""channel-linear"",""name"":""Triumph""},{""entity_id"":""cdc9bee8-9317-37fa-ec8e-464096670c60"",""entity_type"":""channel-linear"",""name"":""Pearl Jam Radio""},{""entity_id"":""ef551c82-25f6-ae51-2ba5-e231c3d5aab2"",""entity_type"":""channel-xtra"",""name"":""Dad Rock""}]"
