seed_entity_id,seed_entity_type,seed_entity_name,entity_id_array
01fb7922-67c8-44db-86f0-bd989290841d,genre,50s,"[{""entity_id"":""a62ffa9f-e016-5693-adcb-c76c328e1bee"",""entity_type"":""channel-linear"",""score"":1.0,""entity_name"":""50s Gold""},{""entity_id"":""38dccb7c-6e3c-1473-d0db-0b3b8b999707"",""entity_type"":""channel-linear"",""score"":1.0,""entity_name"":""Siriusly Sinatra""},{""entity_id"":""c4406844-de06-901b-6b4f-02420e2bd2d6"",""entity_type"":""channel-linear"",""score"":0.7016151493517555,""entity_name"":""BB King's Bluesville""},{""entity_id"":""a96c9390-313c-3a51-5dac-953504f4f237"",""entity_type"":""channel-linear"",""score"":0.6978995045188734,""entity_name"":""Elvis Radio""}]"
026f7d27-5e9b-42c9-b9a5-aafb4ad27565,genre,Hip-Hop,"[{""entity_id"":""05cd3a1a-d292-3b8e-e8c9-1566d0726994"",""entity_type"":""channel-linear"",""score"":1.0,""entity_name"":""SiriusXM FLY""},{""entity_id"":""c2a517d4-c02f-06eb-77cf-f81bfa719188"",""entity_type"":""channel-linear"",""score"":1.0,""entity_name"":""The Heat""},{""entity_id"":""2022dfab-580f-675f-6aad-00aad9c3be9b"",""entity_type"":""channel-linear"",""score"":1.0,""entity_name"":""Shade 45""},{""entity_id"":""847b22e6-1d35-b5b3-92f4-0c5e4e7b9040"",""entity_type"":""channel-linear"",""score"":0.9991774329178749,""entity_name"":""Flex2K""},{""entity_id"":""bd54fc02-e063-0e3e-0cbb-4ceafef734e7"",""entity_type"":""channel-linear"",""score"":0.7317022512535731,""entity_name"":""Hip-Hop Nation""}]"
03a7dd65-dc18-4569-93ed-70cc2fdc938f,genre,Reggae,"[{""entity_id"":""881c9b1f-e7fd-4637-b87a-0dd06f1831a5"",""entity_type"":""channel-linear"",""score"":1.0,""entity_name"":""Bob Marley's Tuff Gong""},{""entity_id"":""ac00ab0c-0a60-63bb-32fe-44e8b9be24fd"",""entity_type"":""channel-linear"",""score"":0.6560823973372203,""entity_name"":""Shaggy Boombastic Radio""}]"
1026ee80-f147-4d7a-aaed-92337aebd343,genre,Latin,"[{""entity_id"":""23771c8c-4631-0fa1-2038-b793bc7e404b"",""entity_type"":""channel-linear"",""score"":1.0,""entity_name"":""Águila""},{""entity_id"":""53b80144-2cb1-e723-07fd-6b164434b186"",""entity_type"":""channel-linear"",""score"":1.0,""entity_name"":""Caliente""}]"
152c138f-15ec-4514-9129-0e8be5bcaf0c,genre,R&B,"[{""entity_id"":""7b32233d-bf01-9654-d97f-9e261aad3d8f"",""entity_type"":""channel-linear"",""score"":1.0,""entity_name"":""The Groove""},{""entity_id"":""25de1705-19ad-6f6e-d45f-3f8775a37800"",""entity_type"":""channel-linear"",""score"":1.0,""entity_name"":""Heart & Soul""},{""entity_id"":""aa46ae69-ab44-f416-58ee-9fdf07462c0e"",""entity_type"":""channel-linear"",""score"":0.6711399493015828,""entity_name"":""Smokey's Soul Town""},{""entity_id"":""05cd3a1a-d292-3b8e-e8c9-1566d0726994"",""entity_type"":""channel-linear"",""score"":0.640512276778088,""entity_name"":""SiriusXM FLY""},{""entity_id"":""c2a517d4-c02f-06eb-77cf-f81bfa719188"",""entity_type"":""channel-linear"",""score"":0.6294712221224968,""entity_name"":""The Heat""}]"
1d81e9dc-073c-40b8-add4-2d4d8dda1c0f,genre,2000s,"[{""entity_id"":""d3253c66-e1e1-331b-02e6-71580c33791b"",""entity_type"":""channel-linear"",""score"":1.0,""entity_name"":""Y2Kountry""},{""entity_id"":""44f9129f-579a-3d23-218f-3c3518036fc6"",""entity_type"":""channel-linear"",""score"":0.8183093107485001,""entity_name"":""PopRocks""},{""entity_id"":""f936a498-89c7-bc15-f158-19a015db0683"",""entity_type"":""channel-linear"",""score"":0.6590123435611834,""entity_name"":""SiriusXM Turbo""},{""entity_id"":""8156ef7f-df74-0d28-404a-8567b13dee05"",""entity_type"":""channel-linear"",""score"":0.5294459197111113,""entity_name"":""Jimmy Fallon Holiday Seasoning Radio""}]"
1f98046d-cbcd-4e14-8a66-c7544152cfe7,genre,Alternative & Indie,"[{""entity_id"":""32c4747f-8739-d578-62d8-08a92d518445"",""entity_type"":""channel-linear"",""score"":1.0,""entity_name"":""Lithium""},{""entity_id"":""65f04311-3581-256c-97b9-279838d6ff5e"",""entity_type"":""channel-linear"",""score"":1.0,""entity_name"":""1st Wave""},{""entity_id"":""fd5740ec-7f11-0ecf-f676-46f9dc056d2c"",""entity_type"":""channel-linear"",""score"":0.716637006396238,""entity_name"":""Alt Nation""},{""entity_id"":""41f8b174-fb06-1707-aaa7-e74e109c2ee9"",""entity_type"":""channel-linear"",""score"":0.5984697491820608,""entity_name"":""The Coffee House""}]"
301267c3-52d7-4f5e-85c4-cea88b12a34f,genre,Rock,"[{""entity_id"":""7a642de7-c33f-a628-efb2-3d94a829d17b"",""entity_type"":""channel-linear"",""score"":1.0,""entity_name"":""Classic Rewind""},{""entity_id"":""1898923d-071d-0abd-1a62-ed0d2702d4f1"",""entity_type"":""channel-linear"",""score"":0.8415411345965009,""entity_name"":""The Bridge""},{""entity_id"":""9150cc82-af5c-3be3-d170-0e81d87375a8"",""entity_type"":""channel-linear"",""score"":0.805540160114416,""entity_name"":""Yacht Rock Radio""},{""entity_id"":""5ad8659a-414a-9e26-b973-f5a229d788dd"",""entity_type"":""channel-linear"",""score"":0.7713560676034099,""entity_name"":""Classic Vinyl""}]"
328cd004-dc61-4a11-ae08-14a468959ff0,genre,Comedy,"[{""entity_id"":""80867fa3-093f-b076-bedc-af8d71cb54ab"",""entity_type"":""channel-linear"",""score"":1.0,""entity_name"":""Faction Talk""},{""entity_id"":""96f5d0e4-ebff-564a-6c39-70a4a642e360"",""entity_type"":""channel-linear"",""score"":0.8859722807106482,""entity_name"":""Netflix Is A Joke Radio""},{""entity_id"":""d7151f52-694d-64b7-4e31-9b2f4f534454"",""entity_type"":""channel-linear"",""score"":0.7902852992030189,""entity_name"":""Pure Comedy""},{""entity_id"":""3cebb3a3-6b03-2ad2-e5be-d9f4841249a2"",""entity_type"":""channel-linear"",""score"":0.7804817778536778,""entity_name"":""Comedy Roundup""},{""entity_id"":""771bf1f6-3885-aa77-e98a-51f5dcccbeba"",""entity_type"":""channel-linear"",""score"":0.7153754600897511,""entity_name"":""Comedy Central Radio""}]"
364d2811-9199-4b92-8409-3b2f823bcc65,genre,Sports Talk,"[{""entity_id"":""51f88432-8311-37e0-b57d-9b0ab63f5ce9"",""entity_type"":""channel-linear"",""score"":1.0,""entity_name"":""ESPN Radio""},{""entity_id"":""66e0c959-ced8-2958-5d2c-c19ca4f770a4"",""entity_type"":""channel-linear"",""score"":1.0,""entity_name"":""Fantasy Sports Radio""},{""entity_id"":""c875a2e9-2768-ed46-5487-4e3e667ae553"",""entity_type"":""channel-linear"",""score"":1.0,""entity_name"":""SiriusXM NASCAR Radio""},{""entity_id"":""f3126d70-09ea-bd0c-57cd-af5ab798f313"",""entity_type"":""channel-linear"",""score"":1.0,""entity_name"":""SiriusXM NFL Radio""},{""entity_id"":""23999ddf-2cc2-35e2-7d04-6cc2749043d0"",""entity_type"":""channel-linear"",""score"":0.8478265734801979,""entity_name"":""Mad Dog Sports Radio""}]"
3653b422-22b0-448e-bd38-85060f77a8c1,genre,Business,"[{""entity_id"":""2b6effb8-eb0e-7421-d7bb-d843a9ff3ce1"",""entity_type"":""channel-linear"",""score"":1.0,""entity_name"":""CNBC""},{""entity_id"":""9a32cb1d-e158-5f34-79be-cbeaca00cd11"",""entity_type"":""channel-linear"",""score"":1.0,""entity_name"":""FOX Business""},{""entity_id"":""f4a5f723-128d-c383-1787-291d52f47020"",""entity_type"":""channel-linear"",""score"":0.7372002425188379,""entity_name"":""FOX News Headlines 24/7""}]"
3d587e0b-48a9-4a30-b549-03478112e368,genre,Classical,"[{""entity_id"":""c46c9810-6274-a715-a8b9-de9d4ac33873"",""entity_type"":""channel-linear"",""score"":1.0,""entity_name"":""Symphony Hall""},{""entity_id"":""906e5792-c7fe-5ea8-90f0-002dcfaa34fe"",""entity_type"":""channel-xtra"",""score"":0.27983955061732,""entity_name"":""Classical for Sleep""}]"
3f825bad-54c8-4078-b17e-84893e7683ad,genre,2010s,"[{""entity_id"":""d3253c66-e1e1-331b-02e6-71580c33791b"",""entity_type"":""channel-linear"",""score"":1.0,""entity_name"":""Y2Kountry""},{""entity_id"":""9e8d6f72-0b59-85cf-a222-b18d38acdc0f"",""entity_type"":""channel-linear"",""score"":0.6424538687380777,""entity_name"":""The Pulse""},{""entity_id"":""8156ef7f-df74-0d28-404a-8567b13dee05"",""entity_type"":""channel-linear"",""score"":0.5294459197111113,""entity_name"":""Jimmy Fallon Holiday Seasoning Radio""}]"
42f88a7f-0cc5-437c-bdd3-748687a7b153,genre,Focus,"[{""entity_id"":""f9227748-d27b-0bff-6efb-684024c9f555"",""entity_type"":""channel-xtra"",""score"":1.0,""entity_name"":""Chill Instrumental""},{""entity_id"":""a7f81827-6d67-d778-e354-0ca68d1d7ec7"",""entity_type"":""channel-xtra"",""score"":1.0,""entity_name"":""Classical Studyscape""}]"
52151af9-8314-441d-a39e-e9d941e726d7,genre,Hard Rock & Metal,"[{""entity_id"":""0fed9647-cc82-24d7-526d-98762e8a52cd"",""entity_type"":""channel-linear"",""score"":1.0,""entity_name"":""Octane""},{""entity_id"":""b8b47809-4e8e-f556-8325-bd45fa3d4dc4"",""entity_type"":""channel-linear"",""score"":1.0,""entity_name"":""Hair Nation""},{""entity_id"":""fed8de31-8d51-8949-6c69-2035fb0485b0"",""entity_type"":""channel-linear"",""score"":1.0,""entity_name"":""Ozzy's Boneyard""},{""entity_id"":""f936a498-89c7-bc15-f158-19a015db0683"",""entity_type"":""channel-linear"",""score"":0.7552702478859424,""entity_name"":""SiriusXM Turbo""},{""entity_id"":""35b0a4e3-b63d-b68e-4c34-6462579a8721"",""entity_type"":""channel-linear"",""score"":0.5224919194461976,""entity_name"":""Maximum Metallica""}]"
53e4aa09-ced2-425f-85ba-b5071fd151fc,genre,90s,"[{""entity_id"":""32566352-8e68-80f8-fe11-3f9715b63876"",""entity_type"":""channel-linear"",""score"":1.0,""entity_name"":""Prime Country""},{""entity_id"":""44f9129f-579a-3d23-218f-3c3518036fc6"",""entity_type"":""channel-linear"",""score"":1.0,""entity_name"":""PopRocks""},{""entity_id"":""32c4747f-8739-d578-62d8-08a92d518445"",""entity_type"":""channel-linear"",""score"":0.9828662364555038,""entity_name"":""Lithium""},{""entity_id"":""f936a498-89c7-bc15-f158-19a015db0683"",""entity_type"":""channel-linear"",""score"":0.8914319624278225,""entity_name"":""SiriusXM Turbo""},{""entity_id"":""c9256031-1123-f35f-4d49-1ba4d5379258"",""entity_type"":""channel-linear"",""score"":0.5147555646164337,""entity_name"":""90s on 9""}]"
56e650c5-122e-4a7e-9329-ecbd8a3be5be,genre,Happy,"[{""entity_id"":""ce813fad-3e16-1a11-482d-f844cb03d28e"",""entity_type"":""channel-xtra"",""score"":1.0,""entity_name"":""Happy Rock""},{""entity_id"":""c3a5817f-5659-8f3c-e9e1-09a41670036f"",""entity_type"":""channel-xtra"",""score"":0.9895280417116175,""entity_name"":""Happy Oldies""},{""entity_id"":""e036602a-d2c1-6008-76a6-61594ef6e957"",""entity_type"":""channel-xtra"",""score"":0.8818205505498663,""entity_name"":""Happy Country""},{""entity_id"":""8a856b66-5375-3783-4562-16defed519c6"",""entity_type"":""channel-xtra"",""score"":0.7151291487958279,""entity_name"":""Happy Radio""}]"
6404c339-d813-4045-abfb-f6f9b7a30a68,genre,Pop,"[{""entity_id"":""9150cc82-af5c-3be3-d170-0e81d87375a8"",""entity_type"":""channel-linear"",""score"":1.0,""entity_name"":""Yacht Rock Radio""},{""entity_id"":""95d4d8ef-55e4-8337-78f1-2fda944991d8"",""entity_type"":""channel-linear"",""score"":1.0,""entity_name"":""70s on 7""},{""entity_id"":""1898923d-071d-0abd-1a62-ed0d2702d4f1"",""entity_type"":""channel-linear"",""score"":1.0,""entity_name"":""The Bridge""},{""entity_id"":""2ea07147-a720-ed0c-d4ce-d7bddd1640d3"",""entity_type"":""channel-linear"",""score"":0.9854633124737029,""entity_name"":""80s on 8""},{""entity_id"":""6567f2ee-4d7a-cd6d-3402-55ed6089cd0c"",""entity_type"":""channel-linear"",""score"":0.8791643383393296,""entity_name"":""60s Gold""}]"
660eb821-c4f9-46a5-9bc6-ca55ea9a835f,genre,Relax,"[{""entity_id"":""520a1947-75fe-5464-fad2-75893c97ad15"",""entity_type"":""channel-xtra"",""score"":1.0,""entity_name"":""Acoustic Guitar Instrumentals""},{""entity_id"":""1898923d-071d-0abd-1a62-ed0d2702d4f1"",""entity_type"":""channel-linear"",""score"":1.0,""entity_name"":""The Bridge""},{""entity_id"":""9150cc82-af5c-3be3-d170-0e81d87375a8"",""entity_type"":""channel-linear"",""score"":1.0,""entity_name"":""Yacht Rock Radio""},{""entity_id"":""bda81f03-f231-d4db-56ad-40cb132c5663"",""entity_type"":""channel-linear"",""score"":0.762154681718078,""entity_name"":""The Blend""}]"
6ba0d57b-07f0-4f05-a2d8-740fcac32ff8,genre,Family & Kids,"[{""entity_id"":""95cf8bf1-fc4e-76b9-ac2a-617dca0325e7"",""entity_type"":""channel-linear"",""score"":1.0,""entity_name"":""Disney Hits""},{""entity_id"":""d8a071ae-c656-bbdb-a4ec-cbc1d71b2740"",""entity_type"":""channel-linear"",""score"":0.5351009183888652,""entity_name"":""KIDZ BOP Radio""}]"
6bdecae4-c0e6-4447-a26a-f80c9f34b29f,genre,Dance & Electronic,"[{""entity_id"":""834383dd-9a7e-d59e-81a2-dd13e0377af2"",""entity_type"":""channel-linear"",""score"":1.0,""entity_name"":""SiriusXM Chill""},{""entity_id"":""6adef1b5-d812-9c10-7c6c-f05af4e27077"",""entity_type"":""channel-linear"",""score"":0.6932633596939359,""entity_name"":""BPM""}]"
769576b0-97c6-4b74-9979-1c35c34619c5,genre,Sleep,"[{""entity_id"":""269497e4-7f91-377d-0940-6b9f027b5b3b"",""entity_type"":""channel-xtra"",""score"":1.0,""entity_name"":""The Sleep Channel""},{""entity_id"":""906e5792-c7fe-5ea8-90f0-002dcfaa34fe"",""entity_type"":""channel-xtra"",""score"":0.41430705549053,""entity_name"":""Classical for Sleep""}]"
7b4103be-57b9-4c22-9e79-e20659bb5542,genre,Classic Rock,"[{""entity_id"":""7a642de7-c33f-a628-efb2-3d94a829d17b"",""entity_type"":""channel-linear"",""score"":1.0,""entity_name"":""Classic Rewind""},{""entity_id"":""1898923d-071d-0abd-1a62-ed0d2702d4f1"",""entity_type"":""channel-linear"",""score"":0.8415411345965009,""entity_name"":""The Bridge""},{""entity_id"":""9150cc82-af5c-3be3-d170-0e81d87375a8"",""entity_type"":""channel-linear"",""score"":0.805540160114416,""entity_name"":""Yacht Rock Radio""},{""entity_id"":""5ad8659a-414a-9e26-b973-f5a229d788dd"",""entity_type"":""channel-linear"",""score"":0.7713560676034099,""entity_name"":""Classic Vinyl""}]"
80200e3f-1c13-41e7-8ed4-0c517f37fef9,genre,Country,"[{""entity_id"":""ffd94bb6-5368-67ae-91be-5b2bababeca0"",""entity_type"":""channel-linear"",""score"":1.0,""entity_name"":""The Highway""},{""entity_id"":""d3253c66-e1e1-331b-02e6-71580c33791b"",""entity_type"":""channel-linear"",""score"":0.3969039992588005,""entity_name"":""Y2Kountry""}]"
8c124dc1-d4ec-4e78-87f5-f4c9124f3afe,genre,Today's Hits,"[{""entity_id"":""ffd94bb6-5368-67ae-91be-5b2bababeca0"",""entity_type"":""channel-linear"",""score"":1.0,""entity_name"":""The Highway""},{""entity_id"":""c2e3e686-93a6-5d22-c818-6d8ea63bcc7c"",""entity_type"":""channel-linear"",""score"":0.45440925348536837,""entity_name"":""The Message""}]"
93722e6d-ca40-4714-8a17-da27b9981794,genre,Workout,"[{""entity_id"":""4764f6a7-71ec-f20c-bc8f-3ccb75776fba"",""entity_type"":""channel-xtra"",""score"":1.0,""entity_name"":""Classic Rock Workout""},{""entity_id"":""6c535597-8e2b-5b54-968a-10cad277f43b"",""entity_type"":""channel-linear"",""score"":0.5821306444641181,""entity_name"":""SoulCycle Radio""},{""entity_id"":""3bf1a125-c0a3-e164-4910-638175ad698d"",""entity_type"":""channel-xtra"",""score"":0.5780187376230386,""entity_name"":""Turbo Workout""}]"
9abff2e5-762a-44fb-a683-2773b899ca5d,genre,News & Politics,"[{""entity_id"":""5f8894e9-d615-21d0-a114-ecd08e7fa75c"",""entity_type"":""channel-linear"",""score"":1.0,""entity_name"":""FOX News Channel""},{""entity_id"":""95bffee3-e903-ca28-6332-1b94f41a8962"",""entity_type"":""channel-linear"",""score"":0.3798705394529924,""entity_name"":""MS NOW""}]"
9adc7a68-1299-4fb5-a98d-1c59ec63f8c8,genre,70s,"[{""entity_id"":""1898923d-071d-0abd-1a62-ed0d2702d4f1"",""entity_type"":""channel-linear"",""score"":1.0,""entity_name"":""The Bridge""},{""entity_id"":""5ad8659a-414a-9e26-b973-f5a229d788dd"",""entity_type"":""channel-linear"",""score"":1.0,""entity_name"":""Classic Vinyl""},{""entity_id"":""95d4d8ef-55e4-8337-78f1-2fda944991d8"",""entity_type"":""channel-linear"",""score"":1.0,""entity_name"":""70s on 7""},{""entity_id"":""9150cc82-af5c-3be3-d170-0e81d87375a8"",""entity_type"":""channel-linear"",""score"":1.0,""entity_name"":""Yacht Rock Radio""},{""entity_id"":""bda81f03-f231-d4db-56ad-40cb132c5663"",""entity_type"":""channel-linear"",""score"":0.7712975123734368,""entity_name"":""The Blend""}]"
b92eb966-b242-479c-92a4-3aa222c52871,genre,80s,"[{""entity_id"":""7a642de7-c33f-a628-efb2-3d94a829d17b"",""entity_type"":""channel-linear"",""score"":1.0,""entity_name"":""Classic Rewind""},{""entity_id"":""9150cc82-af5c-3be3-d170-0e81d87375a8"",""entity_type"":""channel-linear"",""score"":0.805540160114416,""entity_name"":""Yacht Rock Radio""},{""entity_id"":""2ea07147-a720-ed0c-d4ce-d7bddd1640d3"",""entity_type"":""channel-linear"",""score"":0.7983108071136599,""entity_name"":""80s on 8""},{""entity_id"":""32566352-8e68-80f8-fe11-3f9715b63876"",""entity_type"":""channel-linear"",""score"":0.6886751307945397,""entity_name"":""Prime Country""},{""entity_id"":""bda81f03-f231-d4db-56ad-40cb132c5663"",""entity_type"":""channel-linear"",""score"":0.6301907072822488,""entity_name"":""The Blend""}]"
c39c25bc-60d8-4289-9e08-dd6137b76b64,genre,True Crime,"[{""entity_id"":""b603ee62-cf5b-bbb5-1abf-e7169adf25aa"",""entity_type"":""channel-linear"",""score"":1.0,""entity_name"":""Dateline 24/7""},{""entity_id"":""168f7e19-b4a0-0cce-46b5-54d7f127e7e7"",""entity_type"":""channel-linear"",""score"":0.15147842198360875,""entity_name"":""Crime Junkie Radio""}]"
c57eefe8-55e9-43c2-9e64-517fcd0585f6,genre,Standards,"[{""entity_id"":""38dccb7c-6e3c-1473-d0db-0b3b8b999707"",""entity_type"":""channel-linear"",""score"":1.0,""entity_name"":""Siriusly Sinatra""},{""entity_id"":""3a7d57c7-1241-38bf-0aca-e4e82462fa4e"",""entity_type"":""channel-xtra"",""score"":0.3041541791490196,""entity_name"":""Perfectly Frank""}]"
c7c68b4e-f482-4ec8-abaa-874acca0ad8d,genre,60s,"[{""entity_id"":""6567f2ee-4d7a-cd6d-3402-55ed6089cd0c"",""entity_type"":""channel-linear"",""score"":1.0,""entity_name"":""60s Gold""},{""entity_id"":""5ad8659a-414a-9e26-b973-f5a229d788dd"",""entity_type"":""channel-linear"",""score"":1.0,""entity_name"":""Classic Vinyl""},{""entity_id"":""0aee72ed-5dd8-2848-3567-d8809e123cd1"",""entity_type"":""channel-linear"",""score"":0.5980648302590711,""entity_name"":""Willie's Roadhouse""}]"
d14b1f14-5b1c-44fe-b7bd-65e9614d7fb8,genre,Party,"[{""entity_id"":""2d926e91-aa32-4e53-85e5-d444870eff11"",""entity_type"":""channel-linear"",""score"":1.0,""entity_name"":""Classic Rock Party""},{""entity_id"":""ba107a8d-fb2d-571e-1894-f6ea03ed318a"",""entity_type"":""channel-linear"",""score"":1.0,""entity_name"":""Holly""},{""entity_id"":""33794a0f-2a24-08bb-492e-12e441fab2f0"",""entity_type"":""channel-linear"",""score"":1.0,""entity_name"":""Holiday Traditions""},{""entity_id"":""64bcf553-6ef6-f38e-d31c-c46a0a37a7ba"",""entity_type"":""channel-xtra"",""score"":0.542612023223814,""entity_name"":""Hair Nation Party""},{""entity_id"":""3d422eeb-9d32-9bef-a139-31209737d67a"",""entity_type"":""channel-xtra"",""score"":0.5178480792515314,""entity_name"":""80s on 8 Party""}]"
e2c2153a-3bcc-4ebf-999c-7346014c0b8a,genre,Christian,"[{""entity_id"":""c2e3e686-93a6-5d22-c818-6d8ea63bcc7c"",""entity_type"":""channel-linear"",""score"":1.0,""entity_name"":""The Message""},{""entity_id"":""e4fe4bca-1af8-bf9e-c20b-813f204aa18e"",""entity_type"":""channel-linear"",""score"":0.47257713874338014,""entity_name"":""Kirk Franklin's Praise""}]"
efc6c8ef-3722-46d4-9f02-bdd243b26dc8,genre,Religious Music & Talk,"[{""entity_id"":""a078936b-043a-868c-3def-233ac0e49853"",""entity_type"":""channel-linear"",""score"":1.0,""entity_name"":""Family Talk""},{""entity_id"":""88c59be1-adab-d9c1-ee63-05fdef54f094"",""entity_type"":""channel-linear"",""score"":0.8365118084436954,""entity_name"":""The Catholic Channel""},{""entity_id"":""2692983c-1779-bca2-800c-76b8dd988ae8"",""entity_type"":""channel-linear"",""score"":0.681117885414476,""entity_name"":""EWTN Radio""},{""entity_id"":""9f8d08b0-f6cb-b41f-e8ac-24990bd5352c"",""entity_type"":""channel-linear"",""score"":0.5974174985129425,""entity_name"":""The Billy Graham Channel""}]"
f0908966-ea6e-44ca-8928-a1d390a7f443,genre,Stage & Screen,"[{""entity_id"":""95cf8bf1-fc4e-76b9-ac2a-617dca0325e7"",""entity_type"":""channel-linear"",""score"":1.0,""entity_name"":""Disney Hits""}]"
f15279ab-4f1c-4bea-83e9-3e27a09eaa42,genre,Jazz,"[{""entity_id"":""e4b5402c-c608-db84-ad15-4bc8e2cdccce"",""entity_type"":""channel-linear"",""score"":1.0,""entity_name"":""Watercolors""},{""entity_id"":""38dccb7c-6e3c-1473-d0db-0b3b8b999707"",""entity_type"":""channel-linear"",""score"":0.2776655343591724,""entity_name"":""Siriusly Sinatra""}]"
fa3bd237-8755-487c-8ef2-fd23130a8bcf,genre,Pop Culture,"[{""entity_id"":""123f7d39-c99f-2f01-7900-0d4b8b010cb7"",""entity_type"":""channel-linear"",""score"":1.0,""entity_name"":""Howard 100""},{""entity_id"":""56605cc5-88b8-557b-fc3c-dae7eb41bf56"",""entity_type"":""channel-linear"",""score"":0.24996661670054765,""entity_name"":""Radio Andy""}]"
fc63da33-29ef-43e4-b4fe-896e31bc9096,genre,K-Pop,"[{""entity_id"":""b96d76d6-935a-3b90-c22d-e0bc7ba11543"",""entity_type"":""channel-linear"",""score"":1.0,""entity_name"":""SiriusXM K-Pop""},{""entity_id"":""bffe40f0-1688-dbba-e420-ef894d49d17d"",""entity_type"":""channel-linear"",""score"":1.0,""entity_name"":""BTS Radio""}]"
