channel_entity_id,channel_entity_type,channel_name,channel_number,super_category_term,category_term,genre_entity_id,genre_entity_name,channel_description,channel_image_url,player_landing_page,score
a62ffa9f-e016-5693-adcb-c76c328e1bee,channel-linear,50s Gold,72,Music,Pop,01fb7922-67c8-44db-86f0-bd989290841d,50s,"50s pop, rock & doo-wop hits",aem/2d/2df163ad3456ff1163360e9e02f2147e_1699375154.jpeg,https://www.siriusxm.com/player/channel-linear/entity/a62ffa9f-e016-5693-adcb-c76c328e1bee,1
38dccb7c-6e3c-1473-d0db-0b3b8b999707,channel-linear,Siriusly Sinatra,70,Music,Jazz/Standards/Classical,01fb7922-67c8-44db-86f0-bd989290841d,50s,Standards by Sinatra & more,aem/21/217de62000134604b8447ca5070e3070_1699375938.jpeg,https://www.siriusxm.com/player/channel-linear/entity/38dccb7c-6e3c-1473-d0db-0b3b8b999707,1
c4406844-de06-901b-6b4f-02420e2bd2d6,channel-linear,BB King's Bluesville,75,Music,Jazz/Standards/Classical,01fb7922-67c8-44db-86f0-bd989290841d,50s,Blues from past to present,aem/13/13d7642597eb71685b6d76f5f999807b_1699376127.jpeg,https://www.siriusxm.com/player/channel-linear/entity/c4406844-de06-901b-6b4f-02420e2bd2d6,0.7016151493517555
a96c9390-313c-3a51-5dac-953504f4f237,channel-linear,Elvis Radio,76,Music,Pop,01fb7922-67c8-44db-86f0-bd989290841d,50s,Elvis 24/7 live from Graceland,if/22/2248e13a1b413f43b254913d57e26e4a_1755539481.jpg,https://www.siriusxm.com/player/channel-linear/entity/a96c9390-313c-3a51-5dac-953504f4f237,0.6978995045188734
05cd3a1a-d292-3b8e-e8c9-1566d0726994,channel-linear,SiriusXM FLY,50,Music,Hip-Hop/R&B,026f7d27-5e9b-42c9-b9a5-aafb4ad27565,Hip-Hop,90s/00s hip-hop/R&B (explicit),aem/b9/b9d3b07a5174ea2e2879cf6b26b97d8a_1712942245.jpeg,https://www.siriusxm.com/player/channel-linear/entity/05cd3a1a-d292-3b8e-e8c9-1566d0726994,1
c2a517d4-c02f-06eb-77cf-f81bfa719188,channel-linear,The Heat,46,Music,Hip-Hop/R&B,026f7d27-5e9b-42c9-b9a5-aafb4ad27565,Hip-Hop,Today’s hottest R&B and hip-hop,aem/9c/9c0a7c2889ff399b130b9db7b96ccb17_1699375857.jpeg,https://www.siriusxm.com/player/channel-linear/entity/c2a517d4-c02f-06eb-77cf-f81bfa719188,1
2022dfab-580f-675f-6aad-00aad9c3be9b,channel-linear,Shade 45,45,Music,Hip-Hop/R&B,026f7d27-5e9b-42c9-b9a5-aafb4ad27565,Hip-Hop,Eminem's channel (explicit),aem/d8/d8281f0989e98ed43b28cdedafb94fb9_1699375988.jpeg,https://www.siriusxm.com/player/channel-linear/entity/2022dfab-580f-675f-6aad-00aad9c3be9b,1
847b22e6-1d35-b5b3-92f4-0c5e4e7b9040,channel-linear,Flex2K,49,Music,Hip-Hop/R&B,026f7d27-5e9b-42c9-b9a5-aafb4ad27565,Hip-Hop,2000s hip-hop hits (explicit),aem/fc/fc11dd75dea2675b36b10c7c2caefe8f_1723839408.jpeg,https://www.siriusxm.com/player/channel-linear/entity/847b22e6-1d35-b5b3-92f4-0c5e4e7b9040,0.9991774329178749
bd54fc02-e063-0e3e-0cbb-4ceafef734e7,channel-linear,Hip-Hop Nation,44,Music,Hip-Hop/R&B,026f7d27-5e9b-42c9-b9a5-aafb4ad27565,Hip-Hop,Hip-hop hits (explicit),aem/97/9783a0cd73939cfc729b0132bf75edfc_1699376080.jpeg,https://www.siriusxm.com/player/channel-linear/entity/bd54fc02-e063-0e3e-0cbb-4ceafef734e7,0.7317022512535731
881c9b1f-e7fd-4637-b87a-0dd06f1831a5,channel-linear,Bob Marley's Tuff Gong,19,Music,Rock,03a7dd65-dc18-4569-93ed-70cc2fdc938f,Reggae,"Bob's hits, family music & more",aem/e2/e2775ffe84673909184083256c4d5e8d_1728513801.jpeg,https://www.siriusxm.com/player/channel-linear/entity/881c9b1f-e7fd-4637-b87a-0dd06f1831a5,1
ac00ab0c-0a60-63bb-32fe-44e8b9be24fd,channel-linear,Shaggy Boombastic Radio,332,Music,Hip-Hop/R&B,03a7dd65-dc18-4569-93ed-70cc2fdc938f,Reggae,"Dancehall, Reggae & Afrobeats",aem/bb/bbfcd4e79474b9b09d55fd433733f545_1723834650.jpeg,https://www.siriusxm.com/player/channel-linear/entity/ac00ab0c-0a60-63bb-32fe-44e8b9be24fd,0.6560823973372203
23771c8c-4631-0fa1-2038-b793bc7e404b,channel-linear,Águila,153,Music,Latino,1026ee80-f147-4d7a-aaed-92337aebd343,Latin,Regional Mexican music,if/a2/a2907c37ebd03aa598a1772fc8265e59_1758321812.jpg,https://www.siriusxm.com/player/channel-linear/entity/23771c8c-4631-0fa1-2038-b793bc7e404b,1
53b80144-2cb1-e723-07fd-6b164434b186,channel-linear,Caliente,152,Music,Latino,1026ee80-f147-4d7a-aaed-92337aebd343,Latin,Tropical Latin hits,aem/85/85f1f8332b4c0bcd9a4a9bd3d4cea3b7_1699375595.jpeg,https://www.siriusxm.com/player/channel-linear/entity/53b80144-2cb1-e723-07fd-6b164434b186,1
7b32233d-bf01-9654-d97f-9e261aad3d8f,channel-linear,The Groove,51,Music,Hip-Hop/R&B,152c138f-15ec-4514-9129-0e8be5bcaf0c,R&B,70s & 80s old-school R&B,aem/b0/b03e047395276bbe21bc23d86f10d851_1720474732.jpeg,https://www.siriusxm.com/player/channel-linear/entity/7b32233d-bf01-9654-d97f-9e261aad3d8f,1
25de1705-19ad-6f6e-d45f-3f8775a37800,channel-linear,Heart & Soul,47,Music,Hip-Hop/R&B,152c138f-15ec-4514-9129-0e8be5bcaf0c,R&B,Adult R&B hits,aem/77/77082da9d648fe207103bd3085245a97_1732039945.jpeg,https://www.siriusxm.com/player/channel-linear/entity/25de1705-19ad-6f6e-d45f-3f8775a37800,1
aa46ae69-ab44-f416-58ee-9fdf07462c0e,channel-linear,Smokey's Soul Town,74,Music,Hip-Hop/R&B,152c138f-15ec-4514-9129-0e8be5bcaf0c,R&B,Classic R&B hosted by Smokey,aem/b5/b56d97054d4c45b9e5aca9167d3b1d53_1699419936.jpeg,https://www.siriusxm.com/player/channel-linear/entity/aa46ae69-ab44-f416-58ee-9fdf07462c0e,0.6711399493015828
05cd3a1a-d292-3b8e-e8c9-1566d0726994,channel-linear,SiriusXM FLY,50,Music,Hip-Hop/R&B,152c138f-15ec-4514-9129-0e8be5bcaf0c,R&B,90s/00s hip-hop/R&B (explicit),aem/b9/b9d3b07a5174ea2e2879cf6b26b97d8a_1712942245.jpeg,https://www.siriusxm.com/player/channel-linear/entity/05cd3a1a-d292-3b8e-e8c9-1566d0726994,0.640512276778088
c2a517d4-c02f-06eb-77cf-f81bfa719188,channel-linear,The Heat,46,Music,Hip-Hop/R&B,152c138f-15ec-4514-9129-0e8be5bcaf0c,R&B,Today’s hottest R&B and hip-hop,aem/9c/9c0a7c2889ff399b130b9db7b96ccb17_1699375857.jpeg,https://www.siriusxm.com/player/channel-linear/entity/c2a517d4-c02f-06eb-77cf-f81bfa719188,0.6294712221224968
d3253c66-e1e1-331b-02e6-71580c33791b,channel-linear,Y2Kountry,57,Music,Country,1d81e9dc-073c-40b8-add4-2d4d8dda1c0f,2000s,"2000s country, so far",aem/e2/e22069d6e20af74f9ad616ddb535c6e2_1722985463.jpeg,https://www.siriusxm.com/player/channel-linear/entity/d3253c66-e1e1-331b-02e6-71580c33791b,1
44f9129f-579a-3d23-218f-3c3518036fc6,channel-linear,PopRocks,6,Music,Pop,1d81e9dc-073c-40b8-add4-2d4d8dda1c0f,2000s,90s & 2000s pop/rock hits,aem/2d/2d8bf24b356e893053cd857e0f8001e8_1732039966.jpeg,https://www.siriusxm.com/player/channel-linear/entity/44f9129f-579a-3d23-218f-3c3518036fc6,0.8183093107485001
f936a498-89c7-bc15-f158-19a015db0683,channel-linear,SiriusXM Turbo,41,Music,Rock,1d81e9dc-073c-40b8-add4-2d4d8dda1c0f,2000s,90s/2000s hard rock (explicit),aem/c5/c561a46522272d6ac111f0912f09209e_1721136931.jpeg,https://www.siriusxm.com/player/channel-linear/entity/f936a498-89c7-bc15-f158-19a015db0683,0.6590123435611834
8156ef7f-df74-0d28-404a-8567b13dee05,channel-linear,Jimmy Fallon Holiday Seasoning Radio,15,null,null,1d81e9dc-073c-40b8-add4-2d4d8dda1c0f,2000s,Jimmy Fallon's holiday picks,aem/8e/8ea4844f27343dccaad4546434e03eb9_1761846473.png,https://www.siriusxm.com/player/channel-linear/entity/8156ef7f-df74-0d28-404a-8567b13dee05,0.5294459197111113
32c4747f-8739-d578-62d8-08a92d518445,channel-linear,Lithium,34,Music,Rock,1f98046d-cbcd-4e14-8a66-c7544152cfe7,Alternative & Indie,90s alternative & grunge rock,aem/80/80ac7faa34c83336964a07748e913d36_1732039965.jpeg,https://www.siriusxm.com/player/channel-linear/entity/32c4747f-8739-d578-62d8-08a92d518445,1
65f04311-3581-256c-97b9-279838d6ff5e,channel-linear,1st Wave,33,Music,Rock,1f98046d-cbcd-4e14-8a66-c7544152cfe7,Alternative & Indie,Classic alternative & new wave,aem/1c/1c2af6cc5cfa853e9acfa0f6614d62d4_1732039943.jpeg,https://www.siriusxm.com/player/channel-linear/entity/65f04311-3581-256c-97b9-279838d6ff5e,1
fd5740ec-7f11-0ecf-f676-46f9dc056d2c,channel-linear,Alt Nation,36,Music,Rock,1f98046d-cbcd-4e14-8a66-c7544152cfe7,Alternative & Indie,New alternative rock,aem/97/97bfbc3f33fd14411f2429ebbdba77a2_1732039939.jpeg,https://www.siriusxm.com/player/channel-linear/entity/fd5740ec-7f11-0ecf-f676-46f9dc056d2c,0.716637006396238
41f8b174-fb06-1707-aaa7-e74e109c2ee9,channel-linear,The Coffee House,17,Music,Pop,1f98046d-cbcd-4e14-8a66-c7544152cfe7,Alternative & Indie,"Acoustic, stripped-down songs",aem/29/29088ee0abc299f909cbcd6d8ab8ee86_1732039930.jpeg,https://www.siriusxm.com/player/channel-linear/entity/41f8b174-fb06-1707-aaa7-e74e109c2ee9,0.5984697491820608
7a642de7-c33f-a628-efb2-3d94a829d17b,channel-linear,Classic Rewind,25,Music,Rock,301267c3-52d7-4f5e-85c4-cea88b12a34f,Rock,70s/80s classic rock,aem/69/69d2c32f61070fd46c67474d5c5293a2_1714150732.jpeg,https://www.siriusxm.com/player/channel-linear/entity/7a642de7-c33f-a628-efb2-3d94a829d17b,1
1898923d-071d-0abd-1a62-ed0d2702d4f1,channel-linear,The Bridge,14,Music,Rock,301267c3-52d7-4f5e-85c4-cea88b12a34f,Rock,Mellow classic rock,aem/81/81065708fd0c2908bf9b9418b9e16840_1699375797.jpeg,https://www.siriusxm.com/player/channel-linear/entity/1898923d-071d-0abd-1a62-ed0d2702d4f1,0.8415411345965009
9150cc82-af5c-3be3-d170-0e81d87375a8,channel-linear,Yacht Rock Radio,15,Music,Pop,301267c3-52d7-4f5e-85c4-cea88b12a34f,Rock,70s/80s smooth-sailing soft rock,if/96/9672abd990a03979a8f36d48efa00ae0_1753979587.jpg,https://www.siriusxm.com/player/channel-linear/entity/9150cc82-af5c-3be3-d170-0e81d87375a8,0.805540160114416
5ad8659a-414a-9e26-b973-f5a229d788dd,channel-linear,Classic Vinyl,26,Music,Rock,301267c3-52d7-4f5e-85c4-cea88b12a34f,Rock,Early vinyl classic rock,aem/e8/e8d8a8c47fcc1763b8af5620a0b53fe4_1699375250.jpeg,https://www.siriusxm.com/player/channel-linear/entity/5ad8659a-414a-9e26-b973-f5a229d788dd,0.7713560676034099
80867fa3-093f-b076-bedc-af8d71cb54ab,channel-linear,Faction Talk,103,Talk,Entertainment,328cd004-dc61-4a11-ae08-14a468959ff0,Comedy,Unfiltered talk (explicit),aem/3e/3e0019426e30f133f35713b27b1fc977_1732040003.jpeg,https://www.siriusxm.com/player/channel-linear/entity/80867fa3-093f-b076-bedc-af8d71cb54ab,1
96f5d0e4-ebff-564a-6c39-70a4a642e360,channel-linear,Netflix Is A Joke Radio,93,Talk,Comedy,328cd004-dc61-4a11-ae08-14a468959ff0,Comedy,Stand-up comedy (explicit),aem/48/4886b0f277b29b333e4d3926e964a6fb_1726081829.jpeg,https://www.siriusxm.com/player/channel-linear/entity/96f5d0e4-ebff-564a-6c39-70a4a642e360,0.8859722807106482
d7151f52-694d-64b7-4e31-9b2f4f534454,channel-linear,Pure Comedy,98,Talk,Comedy,328cd004-dc61-4a11-ae08-14a468959ff0,Comedy,The best profanity-free comedy,if/de/de652050d1093a36988fbc7923b7cbf1_1747939942.jpg,https://www.siriusxm.com/player/channel-linear/entity/d7151f52-694d-64b7-4e31-9b2f4f534454,0.7902852992030189
3cebb3a3-6b03-2ad2-e5be-d9f4841249a2,channel-linear,Comedy Roundup,97,Talk,Comedy,328cd004-dc61-4a11-ae08-14a468959ff0,Comedy,All American comedy (explicit),aem/2e/2ec1d32c5e145269a33d17ef7fc15b18_1699376086.jpeg,https://www.siriusxm.com/player/channel-linear/entity/3cebb3a3-6b03-2ad2-e5be-d9f4841249a2,0.7804817778536778
771bf1f6-3885-aa77-e98a-51f5dcccbeba,channel-linear,Comedy Central Radio,95,Talk,Comedy,328cd004-dc61-4a11-ae08-14a468959ff0,Comedy,Stand-up uncensored (explicit),if/ba/ba5b28f780843109b8c59d345a5d9f49_1740506423.jpg,https://www.siriusxm.com/player/channel-linear/entity/771bf1f6-3885-aa77-e98a-51f5dcccbeba,0.7153754600897511
51f88432-8311-37e0-b57d-9b0ab63f5ce9,channel-linear,ESPN Radio,80,Sports,Sports Talk,364d2811-9199-4b92-8409-3b2f823bcc65,Sports Talk,Sports Talk from ESPN,aem/9b/9b0c17a47aee95f87539141b976de5ee_1699375501.jpeg,https://www.siriusxm.com/player/channel-linear/entity/51f88432-8311-37e0-b57d-9b0ab63f5ce9,1
66e0c959-ced8-2958-5d2c-c19ca4f770a4,channel-linear,Fantasy Sports Radio,87,Sports,Sports Talk,364d2811-9199-4b92-8409-3b2f823bcc65,Sports Talk,24/7 fantasy sports talk,aem/7e/7e15618b33ededf4d0eeee2bd628275f_1732040029.jpeg,https://www.siriusxm.com/player/channel-linear/entity/66e0c959-ced8-2958-5d2c-c19ca4f770a4,1
c875a2e9-2768-ed46-5487-4e3e667ae553,channel-linear,SiriusXM NASCAR Radio,90,Sports,Sports Talk,364d2811-9199-4b92-8409-3b2f823bcc65,Sports Talk,24/7 NASCAR talk & live races,aem/8d/8d12854d8b1408790709ff4554c3911d_1720452489.jpeg,https://www.siriusxm.com/player/channel-linear/entity/c875a2e9-2768-ed46-5487-4e3e667ae553,1
f3126d70-09ea-bd0c-57cd-af5ab798f313,channel-linear,SiriusXM NFL Radio,88,Sports,Sports Talk,364d2811-9199-4b92-8409-3b2f823bcc65,Sports Talk,24/7 NFL talk & live games,aem/25/25c9c9bd5c215c0e50388a7ee2a6e9e6_1738952011.jpeg,https://www.siriusxm.com/player/channel-linear/entity/f3126d70-09ea-bd0c-57cd-af5ab798f313,1
23999ddf-2cc2-35e2-7d04-6cc2749043d0,channel-linear,Mad Dog Sports Radio,82,Sports,Sports Talk,364d2811-9199-4b92-8409-3b2f823bcc65,Sports Talk,Chris Russo & more,aem/a6/a6032701c75734ec618b2e6625c23b38_1699375792.jpeg,https://www.siriusxm.com/player/channel-linear/entity/23999ddf-2cc2-35e2-7d04-6cc2749043d0,0.8478265734801979
2b6effb8-eb0e-7421-d7bb-d843a9ff3ce1,channel-linear,CNBC,112,News,News/Public Radio,3653b422-22b0-448e-bd38-85060f77a8c1,Business,CNBC Simulcast,if/7a/7a3b80ae2ebc36f8b97e64a5246ed1fe_1766823031.png,https://www.siriusxm.com/player/channel-linear/entity/2b6effb8-eb0e-7421-d7bb-d843a9ff3ce1,1
9a32cb1d-e158-5f34-79be-cbeaca00cd11,channel-linear,FOX Business,113,News,News/Public Radio,3653b422-22b0-448e-bd38-85060f77a8c1,Business,FOX Business Simulcast,aem/5c/5c587f4098dd47ea319d30ffbd246b09_1699375781.jpeg,https://www.siriusxm.com/player/channel-linear/entity/9a32cb1d-e158-5f34-79be-cbeaca00cd11,1
f4a5f723-128d-c383-1787-291d52f47020,channel-linear,FOX News Headlines 24/7,115,News,News/Public Radio,3653b422-22b0-448e-bd38-85060f77a8c1,Business,"FOX News Headlines, 24/7",aem/e1/e15d528cc3a68e24bdafc19796d2ffc4_1699375998.jpeg,https://www.siriusxm.com/player/channel-linear/entity/f4a5f723-128d-c383-1787-291d52f47020,0.7372002425188379
c46c9810-6274-a715-a8b9-de9d4ac33873,channel-linear,Symphony Hall,78,Music,Jazz/Standards/Classical,3d587e0b-48a9-4a30-b549-03478112e368,Classical,Classical music for everyone,if/cc/ccb8a729794f33748f8c76558812c326_1740160031.jpg,https://www.siriusxm.com/player/channel-linear/entity/c46c9810-6274-a715-a8b9-de9d4ac33873,1
906e5792-c7fe-5ea8-90f0-002dcfaa34fe,channel-xtra,Classical for Sleep,1247,Music,Relax,3d587e0b-48a9-4a30-b549-03478112e368,Classical,Slow & serene classical music,aem/44/447d47185af32edae81a45d716f6711f_1731946406.jpeg,https://www.siriusxm.com/player/channel-xtra/entity/906e5792-c7fe-5ea8-90f0-002dcfaa34fe,0.27983955061732
d3253c66-e1e1-331b-02e6-71580c33791b,channel-linear,Y2Kountry,57,Music,Country,3f825bad-54c8-4078-b17e-84893e7683ad,2010s,"2000s country, so far",aem/e2/e22069d6e20af74f9ad616ddb535c6e2_1722985463.jpeg,https://www.siriusxm.com/player/channel-linear/entity/d3253c66-e1e1-331b-02e6-71580c33791b,1
9e8d6f72-0b59-85cf-a222-b18d38acdc0f,channel-linear,The Pulse,5,Music,Pop,3f825bad-54c8-4078-b17e-84893e7683ad,2010s,Today’s pop music,if/ae/aeedaed37f4e33c0bef4171cb1c33e28_1766821555.png,https://www.siriusxm.com/player/channel-linear/entity/9e8d6f72-0b59-85cf-a222-b18d38acdc0f,0.6424538687380777
8156ef7f-df74-0d28-404a-8567b13dee05,channel-linear,Jimmy Fallon Holiday Seasoning Radio,15,null,null,3f825bad-54c8-4078-b17e-84893e7683ad,2010s,Jimmy Fallon's holiday picks,aem/8e/8ea4844f27343dccaad4546434e03eb9_1761846473.png,https://www.siriusxm.com/player/channel-linear/entity/8156ef7f-df74-0d28-404a-8567b13dee05,0.5294459197111113
f9227748-d27b-0bff-6efb-684024c9f555,channel-xtra,Chill Instrumental,1092,Music,Instrumentals,42f88a7f-0cc5-437c-bdd3-748687a7b153,Focus,Wordless downtempo music,aem/14/144300324378e69bad67a4b21b4b6bb2_1699375239.jpeg,https://www.siriusxm.com/player/channel-xtra/entity/f9227748-d27b-0bff-6efb-684024c9f555,1
a7f81827-6d67-d778-e354-0ca68d1d7ec7,channel-xtra,Classical Studyscape,1256,Music,Relax,42f88a7f-0cc5-437c-bdd3-748687a7b153,Focus,Classical music for focus,aem/fd/fdba3f40a85c30ae34f49d0358db04b3_1730908707.jpeg,https://www.siriusxm.com/player/channel-xtra/entity/a7f81827-6d67-d778-e354-0ca68d1d7ec7,1
0fed9647-cc82-24d7-526d-98762e8a52cd,channel-linear,Octane,37,Music,Rock,52151af9-8314-441d-a39e-e9d941e726d7,Hard Rock & Metal,New hard rock (explicit),aem/28/28f073cbcdf4aef5a90c063b471e9048_1732039963.jpeg,https://www.siriusxm.com/player/channel-linear/entity/0fed9647-cc82-24d7-526d-98762e8a52cd,1
b8b47809-4e8e-f556-8325-bd45fa3d4dc4,channel-linear,Hair Nation,39,Music,Rock,52151af9-8314-441d-a39e-e9d941e726d7,Hard Rock & Metal,80s hair metal & glam,aem/42/42cc6d3e90e463902c171ae02d0f779e_1732039949.jpeg,https://www.siriusxm.com/player/channel-linear/entity/b8b47809-4e8e-f556-8325-bd45fa3d4dc4,1
fed8de31-8d51-8949-6c69-2035fb0485b0,channel-linear,Ozzy's Boneyard,38,Music,Rock,52151af9-8314-441d-a39e-e9d941e726d7,Hard Rock & Metal,Hard & heavy classic rock,if/4d/4d7995b295f0399a8fbb957187d287ed_1753286595.jpg,https://www.siriusxm.com/player/channel-linear/entity/fed8de31-8d51-8949-6c69-2035fb0485b0,1
f936a498-89c7-bc15-f158-19a015db0683,channel-linear,SiriusXM Turbo,41,Music,Rock,52151af9-8314-441d-a39e-e9d941e726d7,Hard Rock & Metal,90s/2000s hard rock (explicit),aem/c5/c561a46522272d6ac111f0912f09209e_1721136931.jpeg,https://www.siriusxm.com/player/channel-linear/entity/f936a498-89c7-bc15-f158-19a015db0683,0.7552702478859424
35b0a4e3-b63d-b68e-4c34-6462579a8721,channel-linear,Maximum Metallica,42,Music,Rock,52151af9-8314-441d-a39e-e9d941e726d7,Hard Rock & Metal,"Metallica, 24/7 (explicit)",if/93/93ed5e888fb03cd1b924feb0ca07d8a5_1763655544.jpg,https://www.siriusxm.com/player/channel-linear/entity/35b0a4e3-b63d-b68e-4c34-6462579a8721,0.5224919194461976
32566352-8e68-80f8-fe11-3f9715b63876,channel-linear,Prime Country,58,Music,Country,53e4aa09-ced2-425f-85ba-b5071fd151fc,90s,80s & 90s country classics,aem/2d/2db8cd9cbbaa9ad75b7981ed6528495c_1707515753.jpeg,https://www.siriusxm.com/player/channel-linear/entity/32566352-8e68-80f8-fe11-3f9715b63876,1
44f9129f-579a-3d23-218f-3c3518036fc6,channel-linear,PopRocks,6,Music,Pop,53e4aa09-ced2-425f-85ba-b5071fd151fc,90s,90s & 2000s pop/rock hits,aem/2d/2d8bf24b356e893053cd857e0f8001e8_1732039966.jpeg,https://www.siriusxm.com/player/channel-linear/entity/44f9129f-579a-3d23-218f-3c3518036fc6,1
32c4747f-8739-d578-62d8-08a92d518445,channel-linear,Lithium,34,Music,Rock,53e4aa09-ced2-425f-85ba-b5071fd151fc,90s,90s alternative & grunge rock,aem/80/80ac7faa34c83336964a07748e913d36_1732039965.jpeg,https://www.siriusxm.com/player/channel-linear/entity/32c4747f-8739-d578-62d8-08a92d518445,0.9828662364555038
f936a498-89c7-bc15-f158-19a015db0683,channel-linear,SiriusXM Turbo,41,Music,Rock,53e4aa09-ced2-425f-85ba-b5071fd151fc,90s,90s/2000s hard rock (explicit),aem/c5/c561a46522272d6ac111f0912f09209e_1721136931.jpeg,https://www.siriusxm.com/player/channel-linear/entity/f936a498-89c7-bc15-f158-19a015db0683,0.8914319624278225
c9256031-1123-f35f-4d49-1ba4d5379258,channel-linear,90s on 9,9,Music,Pop,53e4aa09-ced2-425f-85ba-b5071fd151fc,90s,Pop hits from the 90s,if/23/239fba8a877233a08a6721983cc3cabf_1752175376.jpg,https://www.siriusxm.com/player/channel-linear/entity/c9256031-1123-f35f-4d49-1ba4d5379258,0.5147555646164337
ce813fad-3e16-1a11-482d-f844cb03d28e,channel-xtra,Happy Rock,1208,Music,Party,56e650c5-122e-4a7e-9329-ecbd8a3be5be,Happy,Feel-good rock hits,if/4f/4f25794f1e253cc4a7add0fdb6996d17_1773782222.jpg,https://www.siriusxm.com/player/channel-xtra/entity/ce813fad-3e16-1a11-482d-f844cb03d28e,1
c3a5817f-5659-8f3c-e9e1-09a41670036f,channel-xtra,Happy Oldies,1207,Music,Party,56e650c5-122e-4a7e-9329-ecbd8a3be5be,Happy,"50s, 60s & 70s upbeat hits",if/26/26e8f2a84eac3664992098e03441c57e_1773782046.jpg,https://www.siriusxm.com/player/channel-xtra/entity/c3a5817f-5659-8f3c-e9e1-09a41670036f,0.9895280417116175
e036602a-d2c1-6008-76a6-61594ef6e957,channel-xtra,Happy Country,1205,Music,Party,56e650c5-122e-4a7e-9329-ecbd8a3be5be,Happy,Feel-good country hits,if/74/7436f3a3b1253f31a8c27085b47c618c_1742411149.jpg,https://www.siriusxm.com/player/channel-xtra/entity/e036602a-d2c1-6008-76a6-61594ef6e957,0.8818205505498663
8a856b66-5375-3783-4562-16defed519c6,channel-xtra,Happy Radio,1199,Music,All Xtra,56e650c5-122e-4a7e-9329-ecbd8a3be5be,Happy,Nonstop feel-good songs,if/11/11ccc7dea89630a196db6c041248f439_1773781713.jpg,https://www.siriusxm.com/player/channel-xtra/entity/8a856b66-5375-3783-4562-16defed519c6,0.7151291487958279
9150cc82-af5c-3be3-d170-0e81d87375a8,channel-linear,Yacht Rock Radio,15,Music,Pop,6404c339-d813-4045-abfb-f6f9b7a30a68,Pop,70s/80s smooth-sailing soft rock,if/96/9672abd990a03979a8f36d48efa00ae0_1753979587.jpg,https://www.siriusxm.com/player/channel-linear/entity/9150cc82-af5c-3be3-d170-0e81d87375a8,1
95d4d8ef-55e4-8337-78f1-2fda944991d8,channel-linear,70s on 7,7,Music,Pop,6404c339-d813-4045-abfb-f6f9b7a30a68,Pop,The biggest & best 70s pop,aem/5a/5a517db9503f20edb5c7236dcff075de_1732039953.jpeg,https://www.siriusxm.com/player/channel-linear/entity/95d4d8ef-55e4-8337-78f1-2fda944991d8,1
1898923d-071d-0abd-1a62-ed0d2702d4f1,channel-linear,The Bridge,14,Music,Rock,6404c339-d813-4045-abfb-f6f9b7a30a68,Pop,Mellow classic rock,aem/81/81065708fd0c2908bf9b9418b9e16840_1699375797.jpeg,https://www.siriusxm.com/player/channel-linear/entity/1898923d-071d-0abd-1a62-ed0d2702d4f1,1
2ea07147-a720-ed0c-d4ce-d7bddd1640d3,channel-linear,80s on 8,8,Music,Pop,6404c339-d813-4045-abfb-f6f9b7a30a68,Pop,Pop hits from the MTV era,aem/07/075dec8de68b7e0505f23b4925a16822_1699375895.jpeg,https://www.siriusxm.com/player/channel-linear/entity/2ea07147-a720-ed0c-d4ce-d7bddd1640d3,0.9854633124737029
6567f2ee-4d7a-cd6d-3402-55ed6089cd0c,channel-linear,60s Gold,73,Music,Pop,6404c339-d813-4045-abfb-f6f9b7a30a68,Pop,"60s pop, soul and rock & roll",if/bd/bd07ad7f2f0f3bb2916d265e1fb6d34b_1740154122.jpg,https://www.siriusxm.com/player/channel-linear/entity/6567f2ee-4d7a-cd6d-3402-55ed6089cd0c,0.8791643383393296
520a1947-75fe-5464-fad2-75893c97ad15,channel-xtra,Acoustic Guitar Instrumentals,1168,Music,Instrumentals,660eb821-c4f9-46a5-9bc6-ca55ea9a835f,Relax,24/7 acoustic ambience,aem/3f/3f3819316979cde7c12ecacb669d740e_1715090191.jpeg,https://www.siriusxm.com/player/channel-xtra/entity/520a1947-75fe-5464-fad2-75893c97ad15,1
9150cc82-af5c-3be3-d170-0e81d87375a8,channel-linear,Yacht Rock Radio,15,Music,Pop,660eb821-c4f9-46a5-9bc6-ca55ea9a835f,Relax,70s/80s smooth-sailing soft rock,if/96/9672abd990a03979a8f36d48efa00ae0_1753979587.jpg,https://www.siriusxm.com/player/channel-linear/entity/9150cc82-af5c-3be3-d170-0e81d87375a8,1
1898923d-071d-0abd-1a62-ed0d2702d4f1,channel-linear,The Bridge,14,Music,Rock,660eb821-c4f9-46a5-9bc6-ca55ea9a835f,Relax,Mellow classic rock,aem/81/81065708fd0c2908bf9b9418b9e16840_1699375797.jpeg,https://www.siriusxm.com/player/channel-linear/entity/1898923d-071d-0abd-1a62-ed0d2702d4f1,1
bda81f03-f231-d4db-56ad-40cb132c5663,channel-linear,The Blend,16,Music,Pop,660eb821-c4f9-46a5-9bc6-ca55ea9a835f,Relax,Nice & easy 70s & 80s pop,aem/3e/3e010d614577d42064a57d0ce72e0118_1699375604.jpeg,https://www.siriusxm.com/player/channel-linear/entity/bda81f03-f231-d4db-56ad-40cb132c5663,0.762154681718078
95cf8bf1-fc4e-76b9-ac2a-617dca0325e7,channel-linear,Disney Hits,133,Music,Family,6ba0d57b-07f0-4f05-a2d8-740fcac32ff8,Family & Kids,The happiest channel on Earth,if/0c/0c4f95b9ecd831a9901257cded45a12d_1759982445.png,https://www.siriusxm.com/player/channel-linear/entity/95cf8bf1-fc4e-76b9-ac2a-617dca0325e7,1
d8a071ae-c656-bbdb-a4ec-cbc1d71b2740,channel-linear,KIDZ BOP Radio,135,Music,Family,6ba0d57b-07f0-4f05-a2d8-740fcac32ff8,Family & Kids,Pop hits sung by kids for kids,if/eb/eb712ffedcbb31c7b5b581c677b0ac4c_1753989414.jpg,https://www.siriusxm.com/player/channel-linear/entity/d8a071ae-c656-bbdb-a4ec-cbc1d71b2740,0.5351009183888652
834383dd-9a7e-d59e-81a2-dd13e0377af2,channel-linear,SiriusXM Chill,55,Music,Dance/Electronic,6bdecae4-c0e6-4447-a26a-f80c9f34b29f,Dance & Electronic,Downtempo & deep house beats,aem/5a/5a94e89952351221c9a2c46400cbfb23_1712676478.jpeg,https://www.siriusxm.com/player/channel-linear/entity/834383dd-9a7e-d59e-81a2-dd13e0377af2,1
6adef1b5-d812-9c10-7c6c-f05af4e27077,channel-linear,BPM,52,Music,Dance/Electronic,6bdecae4-c0e6-4447-a26a-f80c9f34b29f,Dance & Electronic,The beat drops here,aem/90/90f4fcc89c476a7e624837a4cb6eb713_1732039942.jpeg,https://www.siriusxm.com/player/channel-linear/entity/6adef1b5-d812-9c10-7c6c-f05af4e27077,0.6932633596939359
269497e4-7f91-377d-0940-6b9f027b5b3b,channel-xtra,The Sleep Channel,1211,Music,Relax,769576b0-97c6-4b74-9979-1c35c34619c5,Sleep,Ambient music & sleep sounds,aem/ec/ece7dd9134f0b32a9f8a20bd92fd5ada_1699375401.jpeg,https://www.siriusxm.com/player/channel-xtra/entity/269497e4-7f91-377d-0940-6b9f027b5b3b,1
906e5792-c7fe-5ea8-90f0-002dcfaa34fe,channel-xtra,Classical for Sleep,1247,Music,Relax,769576b0-97c6-4b74-9979-1c35c34619c5,Sleep,Slow & serene classical music,aem/44/447d47185af32edae81a45d716f6711f_1731946406.jpeg,https://www.siriusxm.com/player/channel-xtra/entity/906e5792-c7fe-5ea8-90f0-002dcfaa34fe,0.41430705549053
7a642de7-c33f-a628-efb2-3d94a829d17b,channel-linear,Classic Rewind,25,Music,Rock,7b4103be-57b9-4c22-9e79-e20659bb5542,Classic Rock,70s/80s classic rock,aem/69/69d2c32f61070fd46c67474d5c5293a2_1714150732.jpeg,https://www.siriusxm.com/player/channel-linear/entity/7a642de7-c33f-a628-efb2-3d94a829d17b,1
1898923d-071d-0abd-1a62-ed0d2702d4f1,channel-linear,The Bridge,14,Music,Rock,7b4103be-57b9-4c22-9e79-e20659bb5542,Classic Rock,Mellow classic rock,aem/81/81065708fd0c2908bf9b9418b9e16840_1699375797.jpeg,https://www.siriusxm.com/player/channel-linear/entity/1898923d-071d-0abd-1a62-ed0d2702d4f1,0.8415411345965009
9150cc82-af5c-3be3-d170-0e81d87375a8,channel-linear,Yacht Rock Radio,15,Music,Pop,7b4103be-57b9-4c22-9e79-e20659bb5542,Classic Rock,70s/80s smooth-sailing soft rock,if/96/9672abd990a03979a8f36d48efa00ae0_1753979587.jpg,https://www.siriusxm.com/player/channel-linear/entity/9150cc82-af5c-3be3-d170-0e81d87375a8,0.805540160114416
5ad8659a-414a-9e26-b973-f5a229d788dd,channel-linear,Classic Vinyl,26,Music,Rock,7b4103be-57b9-4c22-9e79-e20659bb5542,Classic Rock,Early vinyl classic rock,aem/e8/e8d8a8c47fcc1763b8af5620a0b53fe4_1699375250.jpeg,https://www.siriusxm.com/player/channel-linear/entity/5ad8659a-414a-9e26-b973-f5a229d788dd,0.7713560676034099
ffd94bb6-5368-67ae-91be-5b2bababeca0,channel-linear,The Highway,56,Music,Country,80200e3f-1c13-41e7-8ed4-0c517f37fef9,Country,Next generation country music,if/41/41540739bbfc3710b8643887541fffbe_1768405613.png,https://www.siriusxm.com/player/channel-linear/entity/ffd94bb6-5368-67ae-91be-5b2bababeca0,1
d3253c66-e1e1-331b-02e6-71580c33791b,channel-linear,Y2Kountry,57,Music,Country,80200e3f-1c13-41e7-8ed4-0c517f37fef9,Country,"2000s country, so far",aem/e2/e22069d6e20af74f9ad616ddb535c6e2_1722985463.jpeg,https://www.siriusxm.com/player/channel-linear/entity/d3253c66-e1e1-331b-02e6-71580c33791b,0.3969039992588005
ffd94bb6-5368-67ae-91be-5b2bababeca0,channel-linear,The Highway,56,Music,Country,8c124dc1-d4ec-4e78-87f5-f4c9124f3afe,Today's Hits,Next generation country music,if/41/41540739bbfc3710b8643887541fffbe_1768405613.png,https://www.siriusxm.com/player/channel-linear/entity/ffd94bb6-5368-67ae-91be-5b2bababeca0,1
c2e3e686-93a6-5d22-c818-6d8ea63bcc7c,channel-linear,The Message,65,Music,Christian,8c124dc1-d4ec-4e78-87f5-f4c9124f3afe,Today's Hits,Contemporary Christian music,aem/ac/ac11e1c7350f5c86f3fde15b3bed8726_1699375635.jpeg,https://www.siriusxm.com/player/channel-linear/entity/c2e3e686-93a6-5d22-c818-6d8ea63bcc7c,0.45440925348536837
4764f6a7-71ec-f20c-bc8f-3ccb75776fba,channel-xtra,Classic Rock Workout,1033,Music,Workout,93722e6d-ca40-4714-8a17-da27b9981794,Workout,High-energy classic rock hits,aem/a3/a3d4b764e9b19f27e3fa26005f0caf2a_1699375767.jpeg,https://www.siriusxm.com/player/channel-xtra/entity/4764f6a7-71ec-f20c-bc8f-3ccb75776fba,1
6c535597-8e2b-5b54-968a-10cad277f43b,channel-linear,SoulCycle Radio,704,Music,Pop,93722e6d-ca40-4714-8a17-da27b9981794,Workout,Music to energize your soul,aem/3e/3e57d7ca062bc81bd9d426639271814e_1699375547.jpeg,https://www.siriusxm.com/player/channel-linear/entity/6c535597-8e2b-5b54-968a-10cad277f43b,0.5821306444641181
3bf1a125-c0a3-e164-4910-638175ad698d,channel-xtra,Turbo Workout,1057,Music,Workout,93722e6d-ca40-4714-8a17-da27b9981794,Workout,90s/00s gym rock (explicit),aem/3f/3f5ac0bb08b7ae8502a6a9a6750894cf_1699375725.jpeg,https://www.siriusxm.com/player/channel-xtra/entity/3bf1a125-c0a3-e164-4910-638175ad698d,0.5780187376230386
5f8894e9-d615-21d0-a114-ecd08e7fa75c,channel-linear,FOX News Channel,114,News,News/Public Radio,9abff2e5-762a-44fb-a683-2773b899ca5d,News & Politics,FOX News Simulcast,aem/ab/abc9057716107ed9dfc8c302c6b30cc1_1699375879.jpeg,https://www.siriusxm.com/player/channel-linear/entity/5f8894e9-d615-21d0-a114-ecd08e7fa75c,1
95bffee3-e903-ca28-6332-1b94f41a8962,channel-linear,MS NOW,118,News,News/Public Radio,9abff2e5-762a-44fb-a683-2773b899ca5d,News & Politics,MS NOW simulcast,if/e1/e1bc914c61d7355fb81bda99aa1a99dd_1763210414.png,https://www.siriusxm.com/player/channel-linear/entity/95bffee3-e903-ca28-6332-1b94f41a8962,0.3798705394529924
1898923d-071d-0abd-1a62-ed0d2702d4f1,channel-linear,The Bridge,14,Music,Rock,9adc7a68-1299-4fb5-a98d-1c59ec63f8c8,70s,Mellow classic rock,aem/81/81065708fd0c2908bf9b9418b9e16840_1699375797.jpeg,https://www.siriusxm.com/player/channel-linear/entity/1898923d-071d-0abd-1a62-ed0d2702d4f1,1
5ad8659a-414a-9e26-b973-f5a229d788dd,channel-linear,Classic Vinyl,26,Music,Rock,9adc7a68-1299-4fb5-a98d-1c59ec63f8c8,70s,Early vinyl classic rock,aem/e8/e8d8a8c47fcc1763b8af5620a0b53fe4_1699375250.jpeg,https://www.siriusxm.com/player/channel-linear/entity/5ad8659a-414a-9e26-b973-f5a229d788dd,1
95d4d8ef-55e4-8337-78f1-2fda944991d8,channel-linear,70s on 7,7,Music,Pop,9adc7a68-1299-4fb5-a98d-1c59ec63f8c8,70s,The biggest & best 70s pop,aem/5a/5a517db9503f20edb5c7236dcff075de_1732039953.jpeg,https://www.siriusxm.com/player/channel-linear/entity/95d4d8ef-55e4-8337-78f1-2fda944991d8,1
9150cc82-af5c-3be3-d170-0e81d87375a8,channel-linear,Yacht Rock Radio,15,Music,Pop,9adc7a68-1299-4fb5-a98d-1c59ec63f8c8,70s,70s/80s smooth-sailing soft rock,if/96/9672abd990a03979a8f36d48efa00ae0_1753979587.jpg,https://www.siriusxm.com/player/channel-linear/entity/9150cc82-af5c-3be3-d170-0e81d87375a8,1
bda81f03-f231-d4db-56ad-40cb132c5663,channel-linear,The Blend,16,Music,Pop,9adc7a68-1299-4fb5-a98d-1c59ec63f8c8,70s,Nice & easy 70s & 80s pop,aem/3e/3e010d614577d42064a57d0ce72e0118_1699375604.jpeg,https://www.siriusxm.com/player/channel-linear/entity/bda81f03-f231-d4db-56ad-40cb132c5663,0.7712975123734368
7a642de7-c33f-a628-efb2-3d94a829d17b,channel-linear,Classic Rewind,25,Music,Rock,b92eb966-b242-479c-92a4-3aa222c52871,80s,70s/80s classic rock,aem/69/69d2c32f61070fd46c67474d5c5293a2_1714150732.jpeg,https://www.siriusxm.com/player/channel-linear/entity/7a642de7-c33f-a628-efb2-3d94a829d17b,1
9150cc82-af5c-3be3-d170-0e81d87375a8,channel-linear,Yacht Rock Radio,15,Music,Pop,b92eb966-b242-479c-92a4-3aa222c52871,80s,70s/80s smooth-sailing soft rock,if/96/9672abd990a03979a8f36d48efa00ae0_1753979587.jpg,https://www.siriusxm.com/player/channel-linear/entity/9150cc82-af5c-3be3-d170-0e81d87375a8,0.805540160114416
2ea07147-a720-ed0c-d4ce-d7bddd1640d3,channel-linear,80s on 8,8,Music,Pop,b92eb966-b242-479c-92a4-3aa222c52871,80s,Pop hits from the MTV era,aem/07/075dec8de68b7e0505f23b4925a16822_1699375895.jpeg,https://www.siriusxm.com/player/channel-linear/entity/2ea07147-a720-ed0c-d4ce-d7bddd1640d3,0.7983108071136599
32566352-8e68-80f8-fe11-3f9715b63876,channel-linear,Prime Country,58,Music,Country,b92eb966-b242-479c-92a4-3aa222c52871,80s,80s & 90s country classics,aem/2d/2db8cd9cbbaa9ad75b7981ed6528495c_1707515753.jpeg,https://www.siriusxm.com/player/channel-linear/entity/32566352-8e68-80f8-fe11-3f9715b63876,0.6886751307945397
bda81f03-f231-d4db-56ad-40cb132c5663,channel-linear,The Blend,16,Music,Pop,b92eb966-b242-479c-92a4-3aa222c52871,80s,Nice & easy 70s & 80s pop,aem/3e/3e010d614577d42064a57d0ce72e0118_1699375604.jpeg,https://www.siriusxm.com/player/channel-linear/entity/bda81f03-f231-d4db-56ad-40cb132c5663,0.6301907072822488
b603ee62-cf5b-bbb5-1abf-e7169adf25aa,channel-linear,Dateline 24/7,107,Talk,Entertainment,c39c25bc-60d8-4289-9e08-dd6137b76b64,True Crime,"Listen to Dateline, 24/7",aem/fc/fc18028bd02280f3050dc1b9e464f525_1756822213.jpeg,https://www.siriusxm.com/player/channel-linear/entity/b603ee62-cf5b-bbb5-1abf-e7169adf25aa,1
168f7e19-b4a0-0cce-46b5-54d7f127e7e7,channel-linear,Crime Junkie Radio,788,null,null,c39c25bc-60d8-4289-9e08-dd6137b76b64,True Crime,24/7 true crime,aem/57/57f64d1c4ca547567c4cea2ce4aa4462_1737577179.jpeg,https://www.siriusxm.com/player/channel-linear/entity/168f7e19-b4a0-0cce-46b5-54d7f127e7e7,0.15147842198360875
38dccb7c-6e3c-1473-d0db-0b3b8b999707,channel-linear,Siriusly Sinatra,70,Music,Jazz/Standards/Classical,c57eefe8-55e9-43c2-9e64-517fcd0585f6,Standards,Standards by Sinatra & more,aem/21/217de62000134604b8447ca5070e3070_1699375938.jpeg,https://www.siriusxm.com/player/channel-linear/entity/38dccb7c-6e3c-1473-d0db-0b3b8b999707,1
3a7d57c7-1241-38bf-0aca-e4e82462fa4e,channel-xtra,Perfectly Frank,1216,Music,All Xtra,c57eefe8-55e9-43c2-9e64-517fcd0585f6,Standards,24/7 Frank Sinatra music,aem/23/23657aab91e8af3624f2d6aeeac0a35a_1699375973.jpeg,https://www.siriusxm.com/player/channel-xtra/entity/3a7d57c7-1241-38bf-0aca-e4e82462fa4e,0.3041541791490196
6567f2ee-4d7a-cd6d-3402-55ed6089cd0c,channel-linear,60s Gold,73,Music,Pop,c7c68b4e-f482-4ec8-abaa-874acca0ad8d,60s,"60s pop, soul and rock & roll",if/bd/bd07ad7f2f0f3bb2916d265e1fb6d34b_1740154122.jpg,https://www.siriusxm.com/player/channel-linear/entity/6567f2ee-4d7a-cd6d-3402-55ed6089cd0c,1
5ad8659a-414a-9e26-b973-f5a229d788dd,channel-linear,Classic Vinyl,26,Music,Rock,c7c68b4e-f482-4ec8-abaa-874acca0ad8d,60s,Early vinyl classic rock,aem/e8/e8d8a8c47fcc1763b8af5620a0b53fe4_1699375250.jpeg,https://www.siriusxm.com/player/channel-linear/entity/5ad8659a-414a-9e26-b973-f5a229d788dd,1
0aee72ed-5dd8-2848-3567-d8809e123cd1,channel-linear,Willie's Roadhouse,61,Music,Country,c7c68b4e-f482-4ec8-abaa-874acca0ad8d,60s,Willie Nelson's classic country,aem/93/93e87c2dabd2b3269c7b4184df2407f3_1727286772.jpeg,https://www.siriusxm.com/player/channel-linear/entity/0aee72ed-5dd8-2848-3567-d8809e123cd1,0.5980648302590711
2d926e91-aa32-4e53-85e5-d444870eff11,channel-linear,Classic Rock Party,715,Music,Rock,d14b1f14-5b1c-44fe-b7bd-65e9614d7fb8,Party,Nonstop classic party starters,aem/fd/fdfa0d436c748070a890576d79bd2778_1699375699.jpeg,https://www.siriusxm.com/player/channel-linear/entity/2d926e91-aa32-4e53-85e5-d444870eff11,1
ba107a8d-fb2d-571e-1894-f6ea03ed318a,channel-linear,Holly,600,null,null,d14b1f14-5b1c-44fe-b7bd-65e9614d7fb8,Party,Modern holiday hits,if/fe/fede4b16755a39cb95af1b18209c0a03_1762442729.png,https://www.siriusxm.com/player/channel-linear/entity/ba107a8d-fb2d-571e-1894-f6ea03ed318a,1
33794a0f-2a24-08bb-492e-12e441fab2f0,channel-linear,Holiday Traditions,602,Music,Pop,d14b1f14-5b1c-44fe-b7bd-65e9614d7fb8,Party,Traditional holiday favorites,if/75/750207f494d13238840e58fba2b3c22e_1761845563.png,https://www.siriusxm.com/player/channel-linear/entity/33794a0f-2a24-08bb-492e-12e441fab2f0,1
64bcf553-6ef6-f38e-d31c-c46a0a37a7ba,channel-xtra,Hair Nation Party,1054,Music,Party,d14b1f14-5b1c-44fe-b7bd-65e9614d7fb8,Party,80s hair-band party jams,aem/f0/f04d330e3d23ee9d5be998d172e2e805_1699375478.jpeg,https://www.siriusxm.com/player/channel-xtra/entity/64bcf553-6ef6-f38e-d31c-c46a0a37a7ba,0.542612023223814
3d422eeb-9d32-9bef-a139-31209737d67a,channel-xtra,80s on 8 Party,1015,Music,Party,d14b1f14-5b1c-44fe-b7bd-65e9614d7fb8,Party,Your 80s party soundtrack,aem/c0/c0ebc6c099d3562271e1daaa07341e1e_1702594544.jpeg,https://www.siriusxm.com/player/channel-xtra/entity/3d422eeb-9d32-9bef-a139-31209737d67a,0.5178480792515314
c2e3e686-93a6-5d22-c818-6d8ea63bcc7c,channel-linear,The Message,65,Music,Christian,e2c2153a-3bcc-4ebf-999c-7346014c0b8a,Christian,Contemporary Christian music,aem/ac/ac11e1c7350f5c86f3fde15b3bed8726_1699375635.jpeg,https://www.siriusxm.com/player/channel-linear/entity/c2e3e686-93a6-5d22-c818-6d8ea63bcc7c,1
e4fe4bca-1af8-bf9e-c20b-813f204aa18e,channel-linear,Kirk Franklin's Praise,64,Music,Christian,e2c2153a-3bcc-4ebf-999c-7346014c0b8a,Christian,"Gospel & more, curated by Kirk",aem/87/874ce351bce77783226b25b88ab24123_1699375180.jpeg,https://www.siriusxm.com/player/channel-linear/entity/e4fe4bca-1af8-bf9e-c20b-813f204aa18e,0.47257713874338014
a078936b-043a-868c-3def-233ac0e49853,channel-linear,Family Talk,131,Talk,Religion,efc6c8ef-3722-46d4-9f02-bdd243b26dc8,Religious Music & Talk,Christian talk radio,aem/25/25d369e00a3e0deb8c7f36b94bd52287_1699375444.jpeg,https://www.siriusxm.com/player/channel-linear/entity/a078936b-043a-868c-3def-233ac0e49853,1
88c59be1-adab-d9c1-ee63-05fdef54f094,channel-linear,The Catholic Channel,129,Talk,Religion,efc6c8ef-3722-46d4-9f02-bdd243b26dc8,Religious Music & Talk,Talk for saints & sinners,if/25/25174468744637ccb0562c7b9ec7d83e_1747662747.jpg,https://www.siriusxm.com/player/channel-linear/entity/88c59be1-adab-d9c1-ee63-05fdef54f094,0.8365118084436954
2692983c-1779-bca2-800c-76b8dd988ae8,channel-linear,EWTN Radio,130,Talk,Religion,efc6c8ef-3722-46d4-9f02-bdd243b26dc8,Religious Music & Talk,Solid Catholic talk,aem/66/660de7826a09db4c783abe06431511bb_1699376053.jpeg,https://www.siriusxm.com/player/channel-linear/entity/2692983c-1779-bca2-800c-76b8dd988ae8,0.681117885414476
9f8d08b0-f6cb-b41f-e8ac-24990bd5352c,channel-linear,The Billy Graham Channel,460,Talk,Religion,efc6c8ef-3722-46d4-9f02-bdd243b26dc8,Religious Music & Talk,Messages from Billy Graham,aem/76/76b5c80fbcbd34bdbf35a4c54af656e4_1717181863.jpeg,https://www.siriusxm.com/player/channel-linear/entity/9f8d08b0-f6cb-b41f-e8ac-24990bd5352c,0.5974174985129425
95cf8bf1-fc4e-76b9-ac2a-617dca0325e7,channel-linear,Disney Hits,133,Music,Family,f0908966-ea6e-44ca-8928-a1d390a7f443,Stage & Screen,The happiest channel on Earth,if/0c/0c4f95b9ecd831a9901257cded45a12d_1759982445.png,https://www.siriusxm.com/player/channel-linear/entity/95cf8bf1-fc4e-76b9-ac2a-617dca0325e7,1
e4b5402c-c608-db84-ad15-4bc8e2cdccce,channel-linear,Watercolors,66,Music,Jazz/Standards/Classical,f15279ab-4f1c-4bea-83e9-3e27a09eaa42,Jazz,Smooth & contemporary jazz,aem/6c/6cdf1bbea9f0345154d5f8d5cdad78c2_1699375786.jpeg,https://www.siriusxm.com/player/channel-linear/entity/e4b5402c-c608-db84-ad15-4bc8e2cdccce,1
38dccb7c-6e3c-1473-d0db-0b3b8b999707,channel-linear,Siriusly Sinatra,70,Music,Jazz/Standards/Classical,f15279ab-4f1c-4bea-83e9-3e27a09eaa42,Jazz,Standards by Sinatra & more,aem/21/217de62000134604b8447ca5070e3070_1699375938.jpeg,https://www.siriusxm.com/player/channel-linear/entity/38dccb7c-6e3c-1473-d0db-0b3b8b999707,0.2776655343591724
123f7d39-c99f-2f01-7900-0d4b8b010cb7,channel-linear,Howard 100,100,Talk,Howard Stern,fa3bd237-8755-487c-8ef2-fd23130a8bcf,Pop Culture,Howard Stern Show (explicit),aem/cf/cf90eaddc4ed074f999f2ba88d2db217_1701361297.jpeg,https://www.siriusxm.com/player/channel-linear/entity/123f7d39-c99f-2f01-7900-0d4b8b010cb7,1
56605cc5-88b8-557b-fc3c-dae7eb41bf56,channel-linear,Radio Andy,102,Talk,Entertainment,fa3bd237-8755-487c-8ef2-fd23130a8bcf,Pop Culture,Andy & pop culture (explicit),if/2a/2ad8dea5caba3024b7b22a6df54793f9_1769458394.png,https://www.siriusxm.com/player/channel-linear/entity/56605cc5-88b8-557b-fc3c-dae7eb41bf56,0.24996661670054765
b96d76d6-935a-3b90-c22d-e0bc7ba11543,channel-linear,SiriusXM K-Pop,705,Music,Pop,fc63da33-29ef-43e4-b4fe-896e31bc9096,K-Pop,K-pop hits (explicit),aem/f0/f02e4e91a7c1caa83fb313dbbf35a90b_1718027065.jpeg,https://www.siriusxm.com/player/channel-linear/entity/b96d76d6-935a-3b90-c22d-e0bc7ba11543,1
bffe40f0-1688-dbba-e420-ef894d49d17d,channel-linear,BTS Radio,501,Music,Pop,fc63da33-29ef-43e4-b4fe-896e31bc9096,K-Pop,Every BTS song since their debut,if/f6/f64ea084a14538b6afb440ac7be31969_1773992377.png,https://www.siriusxm.com/player/channel-linear/entity/bffe40f0-1688-dbba-e420-ef894d49d17d,1
